accountPayID,userID,bankID,surplus,status,createDate
6496913603,1,1,1000000.0,1,2024-08-08 20:55:08
3960086839,2,1,1000000.0,1,2024-08-08 20:56:05
7976125545,3,1,1000000.0,1,2024-08-08 20:57:01
8203283023,4,1,1000000.0,1,2024-08-09 09:10:05
2843848429,5,1,1000000.0,1,2024-08-09 12:30:10
5920548482,6,1,1000000.0,1,2024-08-10 10:20:40
3052928452,7,1,1000000.0,1,2024-09-02 20:10:05
9274922399,8,1,1000000.0,1,2024-09-05 17:25:20
6303485293,9,1,1000000.0,1,2024-09-10 13:45:10
1333924038,10,1,1000000.0,1,2024-09-11 15:22:11
