savingID,accountPayID,money,status,typeID,createDate,expire,period,rate
1,3960086839,49274300.0,success,3,2024-09-12 06:01:00,2026-09-12 06:01:00,twenty-four month,13.0
2,8203283023,1990173.0,success,2,2024-09-12 06:02:00,2028-09-12 06:02:00,forty-eight month,25.0
3,7976125545,15975791.0,success,8,2024-09-12 06:03:00,2024-10-12 06:03:00,one month,0.5
4,8203283023,23345530.0,success,3,2024-09-12 06:04:00,2028-03-12 06:04:00,forty-two month,22.0
5,3960086839,17716024.0,success,3,2024-09-12 06:05:00,2028-03-12 06:05:00,forty-two month,22.0
6,9274922399,29104906.0,success,5,2024-09-12 06:06:00,2027-03-12 06:06:00,thirty month,16.0
7,3960086839,21438299.0,success,4,2024-09-12 06:07:00,2028-03-12 06:07:00,forty-two month,22.0
8,3052928452,15960711.0,success,1,2024-09-12 06:08:00,2025-03-12 06:08:00,six month,3.0
9,3960086839,39930660.0,success,10,2024-09-12 06:09:00,2027-03-12 06:09:00,thirty month,16.0
10,7976125545,8257218.0,success,7,2024-09-12 06:10:00,2029-03-12 06:10:00,fifty-four month,28.0
11,9274922399,9425557.0,success,4,2024-09-12 06:11:00,2025-09-12 06:11:00,twelve month,6.0
12,2843848429,49152075.0,success,10,2024-09-12 06:12:00,2026-03-12 06:12:00,eighteen month,10.0
13,5920548482,27969559.0,success,2,2024-09-12 06:13:00,2027-09-12 06:13:00,thirty-six month,19.0
14,6303485293,33612732.0,success,8,2024-09-12 06:14:00,2025-03-12 06:14:00,six month,3.0
15,1333924038,43821526.0,success,4,2024-09-12 06:15:00,2029-09-12 06:15:00,sixty month,30.0
16,8203283023,27859272.0,success,8,2024-09-12 06:16:00,2027-03-12 06:16:00,thirty month,16.0
17,3052928452,24052037.0,success,4,2024-09-12 06:17:00,2025-03-12 06:17:00,six month,3.0
18,2843848429,29863290.0,success,7,2024-09-12 06:18:00,2026-09-12 06:18:00,twenty-four month,13.0
19,1333924038,5214594.0,success,8,2024-09-12 06:19:00,2026-03-12 06:19:00,eighteen month,10.0
20,6303485293,45857856.0,success,7,2024-09-12 06:20:00,2025-03-12 06:20:00,six month,3.0
21,9274922399,32916830.0,success,2,2024-09-12 06:21:00,2028-03-12 06:21:00,forty-two month,22.0
22,3052928452,31592509.0,success,3,2024-09-12 06:22:00,2026-09-12 06:22:00,twenty-four month,13.0
23,6496913603,43178497.0,success,9,2024-09-12 06:23:00,2025-03-12 06:23:00,six month,3.0
24,3052928452,19631815.0,success,7,2024-09-12 06:24:00,2024-10-12 06:24:00,one month,0.5
25,8203283023,27603121.0,success,4,2024-09-12 06:25:00,2029-09-12 06:25:00,sixty month,30.0
26,7976125545,7501431.0,success,4,2024-09-12 06:26:00,2027-09-12 06:26:00,thirty-six month,19.0
27,1333924038,36809100.0,success,2,2024-09-12 06:27:00,2025-03-12 06:27:00,six month,3.0
28,6303485293,18232736.0,success,7,2024-09-12 06:28:00,2028-09-12 06:28:00,forty-eight month,25.0
29,2843848429,21228528.0,success,7,2024-09-12 06:29:00,2025-09-12 06:29:00,twelve month,6.0
30,6496913603,49655135.0,success,2,2024-09-12 06:30:00,2026-03-12 06:30:00,eighteen month,10.0
31,6303485293,10403195.0,success,5,2024-09-12 06:31:00,2029-03-12 06:31:00,fifty-four month,28.0
32,1333924038,47696050.0,success,5,2024-09-12 06:32:00,2027-09-12 06:32:00,thirty-six month,19.0
33,6496913603,3291018.0,success,2,2024-09-12 06:33:00,2027-09-12 06:33:00,thirty-six month,19.0
34,1333924038,23408119.0,success,5,2024-09-12 06:34:00,2027-09-12 06:34:00,thirty-six month,19.0
35,2843848429,3213156.0,success,6,2024-09-12 06:35:00,2026-03-12 06:35:00,eighteen month,10.0
36,2843848429,20890319.0,success,8,2024-09-12 06:36:00,2028-03-12 06:36:00,forty-two month,22.0
37,6496913603,40388779.0,success,1,2024-09-12 06:37:00,2025-09-12 06:37:00,twelve month,6.0
38,6303485293,17234151.0,success,4,2024-09-12 06:38:00,2028-09-12 06:38:00,forty-eight month,25.0
39,5920548482,15709519.0,success,7,2024-09-12 06:39:00,2024-10-12 06:39:00,one month,0.5
40,5920548482,43336809.0,success,5,2024-09-12 06:40:00,2025-03-12 06:40:00,six month,3.0
41,9274922399,15460630.0,success,2,2024-09-12 06:41:00,2025-03-12 06:41:00,six month,3.0
42,9274922399,17786400.0,success,3,2024-09-12 06:42:00,2026-09-12 06:42:00,twenty-four month,13.0
43,6496913603,49030826.0,success,9,2024-09-12 06:43:00,2028-09-12 06:43:00,forty-eight month,25.0
44,3960086839,30444393.0,success,4,2024-09-12 06:44:00,2027-09-12 06:44:00,thirty-six month,19.0
45,3052928452,38091553.0,success,1,2024-09-12 06:45:00,2027-03-12 06:45:00,thirty month,16.0
46,6496913603,8308949.0,success,1,2024-09-12 06:46:00,2026-09-12 06:46:00,twenty-four month,13.0
47,3960086839,15603148.0,success,9,2024-09-12 06:47:00,2025-09-12 06:47:00,twelve month,6.0
48,7976125545,3457576.0,success,5,2024-09-12 06:48:00,2028-03-12 06:48:00,forty-two month,22.0
49,1333924038,23390870.0,success,2,2024-09-12 06:49:00,2027-03-12 06:49:00,thirty month,16.0
50,3052928452,4525703.0,success,1,2024-09-12 06:50:00,2028-09-12 06:50:00,forty-eight month,25.0
51,6496913603,8418913.0,success,8,2024-09-12 06:51:00,2026-03-12 06:51:00,eighteen month,10.0
52,5920548482,6665507.0,success,2,2024-09-12 06:52:00,2025-09-12 06:52:00,twelve month,6.0
53,6496913603,7604952.0,success,10,2024-09-12 06:53:00,2026-09-12 06:53:00,twenty-four month,13.0
54,1333924038,45889155.0,success,8,2024-09-12 06:54:00,2025-09-12 06:54:00,twelve month,6.0
55,6303485293,41246262.0,success,1,2024-09-12 06:55:00,2025-03-12 06:55:00,six month,3.0
56,3960086839,38654238.0,success,3,2024-09-12 06:56:00,2027-09-12 06:56:00,thirty-six month,19.0
57,9274922399,34237398.0,success,2,2024-09-12 06:57:00,2028-03-12 06:57:00,forty-two month,22.0
58,1333924038,43919512.0,success,6,2024-09-12 06:58:00,2026-09-12 06:58:00,twenty-four month,13.0
59,6496913603,44915240.0,success,9,2024-09-12 06:59:00,2026-09-12 06:59:00,twenty-four month,13.0
60,3960086839,18025247.0,success,9,2024-09-12 07:00:00,2029-09-12 07:00:00,sixty month,30.0
61,7976125545,30750695.0,success,2,2024-09-12 07:01:00,2029-09-12 07:01:00,sixty month,30.0
62,6303485293,2274562.0,success,3,2024-09-12 07:02:00,2028-03-12 07:02:00,forty-two month,22.0
63,9274922399,18726292.0,success,7,2024-09-12 07:03:00,2027-09-12 07:03:00,thirty-six month,19.0
64,3960086839,1914217.0,success,2,2024-09-12 07:04:00,2027-09-12 07:04:00,thirty-six month,19.0
65,6303485293,47735949.0,success,2,2024-09-12 07:05:00,2028-03-12 07:05:00,forty-two month,22.0
66,6496913603,1521945.0,success,5,2024-09-12 07:06:00,2024-10-12 07:06:00,one month,0.5
67,8203283023,7683175.0,success,7,2024-09-12 07:07:00,2029-03-12 07:07:00,fifty-four month,28.0
68,6303485293,20334013.0,success,6,2024-09-12 07:08:00,2025-03-12 07:08:00,six month,3.0
69,1333924038,44641628.0,success,6,2024-09-12 07:09:00,2026-03-12 07:09:00,eighteen month,10.0
70,8203283023,12197512.0,success,5,2024-09-12 07:10:00,2028-09-12 07:10:00,forty-eight month,25.0
71,1333924038,45321129.0,success,7,2024-09-12 07:11:00,2029-09-12 07:11:00,sixty month,30.0
72,3960086839,41796482.0,success,1,2024-09-12 07:12:00,2029-03-12 07:12:00,fifty-four month,28.0
73,9274922399,31287068.0,success,9,2024-09-12 07:13:00,2024-10-12 07:13:00,one month,0.5
74,1333924038,49172260.0,success,5,2024-09-12 07:14:00,2028-09-12 07:14:00,forty-eight month,25.0
75,9274922399,21108260.0,success,2,2024-09-12 07:15:00,2026-03-12 07:15:00,eighteen month,10.0
76,6303485293,33434744.0,success,3,2024-09-12 07:16:00,2026-09-12 07:16:00,twenty-four month,13.0
77,5920548482,28173634.0,success,9,2024-09-12 07:17:00,2026-09-12 07:17:00,twenty-four month,13.0
78,3960086839,33886585.0,success,2,2024-09-12 07:18:00,2026-09-12 07:18:00,twenty-four month,13.0
79,6303485293,49486668.0,success,6,2024-09-12 07:19:00,2027-09-12 07:19:00,thirty-six month,19.0
80,3052928452,30884311.0,success,9,2024-09-12 07:20:00,2025-03-12 07:20:00,six month,3.0
81,7976125545,30100853.0,success,8,2024-09-12 07:21:00,2027-09-12 07:21:00,thirty-six month,19.0
82,6303485293,14852610.0,success,5,2024-09-12 07:22:00,2026-03-12 07:22:00,eighteen month,10.0
83,6496913603,4190493.0,success,3,2024-09-12 07:23:00,2028-09-12 07:23:00,forty-eight month,25.0
84,9274922399,1175040.0,success,8,2024-09-12 07:24:00,2028-09-12 07:24:00,forty-eight month,25.0
85,5920548482,22386101.0,success,5,2024-09-12 07:25:00,2024-10-12 07:25:00,one month,0.5
86,9274922399,8378870.0,success,2,2024-09-12 07:26:00,2026-03-12 07:26:00,eighteen month,10.0
87,7976125545,19057407.0,success,3,2024-09-12 07:27:00,2029-09-12 07:27:00,sixty month,30.0
88,3052928452,8788579.0,success,8,2024-09-12 07:28:00,2029-09-12 07:28:00,sixty month,30.0
89,1333924038,38168109.0,success,7,2024-09-12 07:29:00,2025-03-12 07:29:00,six month,3.0
90,2843848429,14278427.0,success,4,2024-09-12 07:30:00,2025-03-12 07:30:00,six month,3.0
91,6303485293,41624374.0,success,7,2024-09-12 07:31:00,2025-03-12 07:31:00,six month,3.0
92,2843848429,23749590.0,success,6,2024-09-12 07:32:00,2026-03-12 07:32:00,eighteen month,10.0
93,3960086839,29641113.0,success,7,2024-09-12 07:33:00,2024-10-12 07:33:00,one month,0.5
94,6303485293,11316227.0,success,7,2024-09-12 07:34:00,2028-09-12 07:34:00,forty-eight month,25.0
95,2843848429,18745581.0,success,1,2024-09-12 07:35:00,2027-09-12 07:35:00,thirty-six month,19.0
96,1333924038,28195819.0,success,4,2024-09-12 07:36:00,2026-03-12 07:36:00,eighteen month,10.0
97,3052928452,26667202.0,success,10,2024-09-12 07:37:00,2025-03-12 07:37:00,six month,3.0
98,9274922399,42518034.0,success,2,2024-09-12 07:38:00,2029-09-12 07:38:00,sixty month,30.0
99,3052928452,34089769.0,success,9,2024-09-12 07:39:00,2026-09-12 07:39:00,twenty-four month,13.0
100,2843848429,6665957.0,success,6,2024-09-12 07:40:00,2027-03-12 07:40:00,thirty month,16.0
101,3960086839,9963475.0,success,1,2024-09-12 07:41:00,2025-03-12 07:41:00,six month,3.0
102,3052928452,1570370.0,success,10,2024-09-12 07:42:00,2027-03-12 07:42:00,thirty month,16.0
103,1333924038,28193371.0,success,4,2024-09-12 07:43:00,2026-03-12 07:43:00,eighteen month,10.0
104,3960086839,29814113.0,success,3,2024-09-12 07:44:00,2026-03-12 07:44:00,eighteen month,10.0
105,6496913603,2275873.0,success,9,2024-09-12 07:45:00,2027-03-12 07:45:00,thirty month,16.0
106,9274922399,9688732.0,success,7,2024-09-12 07:46:00,2025-03-12 07:46:00,six month,3.0
107,7976125545,39569457.0,success,9,2024-09-12 07:47:00,2026-09-12 07:47:00,twenty-four month,13.0
108,3052928452,29169684.0,success,10,2024-09-12 07:48:00,2025-09-12 07:48:00,twelve month,6.0
109,6303485293,10881610.0,success,3,2024-09-12 07:49:00,2028-03-12 07:49:00,forty-two month,22.0
110,5920548482,47006025.0,success,3,2024-09-12 07:50:00,2027-09-12 07:50:00,thirty-six month,19.0
111,3960086839,30477261.0,success,3,2024-09-12 07:51:00,2028-09-12 07:51:00,forty-eight month,25.0
112,6303485293,4216598.0,success,4,2024-09-12 07:52:00,2028-03-12 07:52:00,forty-two month,22.0
113,6496913603,25825852.0,success,9,2024-09-12 07:53:00,2028-09-12 07:53:00,forty-eight month,25.0
114,1333924038,15781263.0,success,9,2024-09-12 07:54:00,2025-03-12 07:54:00,six month,3.0
115,1333924038,47854290.0,success,5,2024-09-12 07:55:00,2029-03-12 07:55:00,fifty-four month,28.0
116,9274922399,8208666.0,success,9,2024-09-12 07:56:00,2026-03-12 07:56:00,eighteen month,10.0
117,9274922399,16137302.0,success,5,2024-09-12 07:57:00,2027-03-12 07:57:00,thirty month,16.0
118,6496913603,27616283.0,success,9,2024-09-12 07:58:00,2026-03-12 07:58:00,eighteen month,10.0
119,9274922399,44348180.0,success,1,2024-09-12 07:59:00,2024-10-12 07:59:00,one month,0.5
120,6303485293,9366294.0,success,2,2024-09-12 08:00:00,2028-09-12 08:00:00,forty-eight month,25.0
121,2843848429,35691033.0,success,5,2024-09-12 08:01:00,2027-03-12 08:01:00,thirty month,16.0
122,1333924038,24952874.0,success,1,2024-09-12 08:02:00,2026-09-12 08:02:00,twenty-four month,13.0
123,6496913603,5367536.0,success,10,2024-09-12 08:03:00,2029-09-12 08:03:00,sixty month,30.0
124,3960086839,18939248.0,success,2,2024-09-12 08:04:00,2028-03-12 08:04:00,forty-two month,22.0
125,9274922399,3988869.0,success,5,2024-09-12 08:05:00,2025-09-12 08:05:00,twelve month,6.0
126,2843848429,19077827.0,success,1,2024-09-12 08:06:00,2029-09-12 08:06:00,sixty month,30.0
127,7976125545,6573919.0,success,7,2024-09-12 08:07:00,2025-03-12 08:07:00,six month,3.0
128,3052928452,47365723.0,success,1,2024-09-12 08:08:00,2025-09-12 08:08:00,twelve month,6.0
129,1333924038,39431019.0,success,5,2024-09-12 08:09:00,2029-03-12 08:09:00,fifty-four month,28.0
130,3052928452,3736030.0,success,4,2024-09-12 08:10:00,2026-09-12 08:10:00,twenty-four month,13.0
131,3960086839,45620204.0,success,2,2024-09-12 08:11:00,2028-03-12 08:11:00,forty-two month,22.0
132,3960086839,25591731.0,success,5,2024-09-12 08:12:00,2025-03-12 08:12:00,six month,3.0
133,1333924038,32731363.0,success,7,2024-09-12 08:13:00,2027-03-12 08:13:00,thirty month,16.0
134,2843848429,7146056.0,success,6,2024-09-12 08:14:00,2028-09-12 08:14:00,forty-eight month,25.0
135,3960086839,42091586.0,success,8,2024-09-12 08:15:00,2029-09-12 08:15:00,sixty month,30.0
136,3052928452,34118192.0,success,2,2024-09-12 08:16:00,2027-09-12 08:16:00,thirty-six month,19.0
137,6496913603,25066578.0,success,3,2024-09-12 08:17:00,2024-10-12 08:17:00,one month,0.5
138,5920548482,44854866.0,success,4,2024-09-12 08:18:00,2028-03-12 08:18:00,forty-two month,22.0
139,9274922399,48646120.0,success,10,2024-09-12 08:19:00,2027-09-12 08:19:00,thirty-six month,19.0
140,2843848429,20409135.0,success,5,2024-09-12 08:20:00,2024-10-12 08:20:00,one month,0.5
141,6303485293,7314662.0,success,4,2024-09-12 08:21:00,2026-03-12 08:21:00,eighteen month,10.0
142,7976125545,49913596.0,success,4,2024-09-12 08:22:00,2026-03-12 08:22:00,eighteen month,10.0
143,1333924038,21108958.0,success,3,2024-09-12 08:23:00,2029-03-12 08:23:00,fifty-four month,28.0
144,5920548482,8836758.0,success,4,2024-09-12 08:24:00,2028-03-12 08:24:00,forty-two month,22.0
145,8203283023,21292661.0,success,4,2024-09-12 08:25:00,2025-03-12 08:25:00,six month,3.0
146,5920548482,49035305.0,success,6,2024-09-12 08:26:00,2025-03-12 08:26:00,six month,3.0
147,2843848429,16141760.0,success,6,2024-09-12 08:27:00,2028-09-12 08:27:00,forty-eight month,25.0
148,7976125545,25670057.0,success,2,2024-09-12 08:28:00,2027-09-12 08:28:00,thirty-six month,19.0
149,6496913603,7297402.0,success,2,2024-09-12 08:29:00,2029-09-12 08:29:00,sixty month,30.0
150,6303485293,2217299.0,success,6,2024-09-12 08:30:00,2026-03-12 08:30:00,eighteen month,10.0
151,2843848429,49242570.0,success,3,2024-09-12 08:31:00,2029-03-12 08:31:00,fifty-four month,28.0
152,1333924038,36133248.0,success,1,2024-09-12 08:32:00,2027-03-12 08:32:00,thirty month,16.0
153,3052928452,49256744.0,success,4,2024-09-12 08:33:00,2027-03-12 08:33:00,thirty month,16.0
154,1333924038,45563351.0,success,10,2024-09-12 08:34:00,2026-09-12 08:34:00,twenty-four month,13.0
155,5920548482,12628625.0,success,7,2024-09-12 08:35:00,2025-09-12 08:35:00,twelve month,6.0
156,7976125545,15383187.0,success,4,2024-09-12 08:36:00,2026-09-12 08:36:00,twenty-four month,13.0
157,3960086839,12064733.0,success,7,2024-09-12 08:37:00,2028-03-12 08:37:00,forty-two month,22.0
158,6496913603,27068206.0,success,10,2024-09-12 08:38:00,2026-03-12 08:38:00,eighteen month,10.0
159,2843848429,9100330.0,success,7,2024-09-12 08:39:00,2028-09-12 08:39:00,forty-eight month,25.0
160,6496913603,38900055.0,success,2,2024-09-12 08:40:00,2028-03-12 08:40:00,forty-two month,22.0
161,2843848429,11461375.0,success,5,2024-09-12 08:41:00,2027-09-12 08:41:00,thirty-six month,19.0
162,2843848429,40330347.0,success,9,2024-09-12 08:42:00,2028-09-12 08:42:00,forty-eight month,25.0
163,1333924038,7119010.0,success,1,2024-09-12 08:43:00,2026-03-12 08:43:00,eighteen month,10.0
164,6496913603,27314234.0,success,8,2024-09-12 08:44:00,2025-09-12 08:44:00,twelve month,6.0
165,6303485293,37468510.0,success,2,2024-09-12 08:45:00,2025-03-12 08:45:00,six month,3.0
166,7976125545,14510661.0,success,4,2024-09-12 08:46:00,2027-09-12 08:46:00,thirty-six month,19.0
167,1333924038,7284651.0,success,4,2024-09-12 08:47:00,2025-09-12 08:47:00,twelve month,6.0
168,8203283023,6803926.0,success,10,2024-09-12 08:48:00,2026-09-12 08:48:00,twenty-four month,13.0
169,3052928452,27753639.0,success,1,2024-09-12 08:49:00,2025-09-12 08:49:00,twelve month,6.0
170,3960086839,45486198.0,success,7,2024-09-12 08:50:00,2026-03-12 08:50:00,eighteen month,10.0
171,3960086839,23050590.0,success,9,2024-09-12 08:51:00,2026-09-12 08:51:00,twenty-four month,13.0
172,2843848429,44921158.0,success,4,2024-09-12 08:52:00,2024-10-12 08:52:00,one month,0.5
173,7976125545,36482423.0,success,3,2024-09-12 08:53:00,2025-03-12 08:53:00,six month,3.0
174,8203283023,28670296.0,success,8,2024-09-12 08:54:00,2027-09-12 08:54:00,thirty-six month,19.0
175,6496913603,42400679.0,success,9,2024-09-12 08:55:00,2028-03-12 08:55:00,forty-two month,22.0
176,5920548482,30324172.0,success,5,2024-09-12 08:56:00,2025-03-12 08:56:00,six month,3.0
177,1333924038,45441223.0,success,4,2024-09-12 08:57:00,2026-09-12 08:57:00,twenty-four month,13.0
178,8203283023,16131656.0,success,8,2024-09-12 08:58:00,2026-09-12 08:58:00,twenty-four month,13.0
179,6303485293,3038933.0,success,8,2024-09-12 08:59:00,2026-03-12 08:59:00,eighteen month,10.0
180,5920548482,28060844.0,success,1,2024-09-12 09:00:00,2027-03-12 09:00:00,thirty month,16.0
181,3052928452,40397287.0,success,5,2024-09-12 09:01:00,2029-03-12 09:01:00,fifty-four month,28.0
182,3052928452,34419394.0,success,10,2024-09-12 09:02:00,2028-03-12 09:02:00,forty-two month,22.0
183,3052928452,39200717.0,success,6,2024-09-12 09:03:00,2026-09-12 09:03:00,twenty-four month,13.0
184,2843848429,41504618.0,success,10,2024-09-12 09:04:00,2029-03-12 09:04:00,fifty-four month,28.0
185,8203283023,48279686.0,success,4,2024-09-12 09:05:00,2026-09-12 09:05:00,twenty-four month,13.0
186,7976125545,14358890.0,success,3,2024-09-12 09:06:00,2024-10-12 09:06:00,one month,0.5
187,5920548482,23487781.0,success,6,2024-09-12 09:07:00,2025-03-12 09:07:00,six month,3.0
188,7976125545,7580613.0,success,9,2024-09-12 09:08:00,2027-09-12 09:08:00,thirty-six month,19.0
189,6303485293,28998268.0,success,3,2024-09-12 09:09:00,2028-03-12 09:09:00,forty-two month,22.0
190,3960086839,38594055.0,success,6,2024-09-12 09:10:00,2026-09-12 09:10:00,twenty-four month,13.0
191,7976125545,49165852.0,success,10,2024-09-12 09:11:00,2025-09-12 09:11:00,twelve month,6.0
192,7976125545,6214038.0,success,10,2024-09-12 09:12:00,2025-03-12 09:12:00,six month,3.0
193,3960086839,40418269.0,success,7,2024-09-12 09:13:00,2028-09-12 09:13:00,forty-eight month,25.0
194,6303485293,32349928.0,success,6,2024-09-12 09:14:00,2029-03-12 09:14:00,fifty-four month,28.0
195,6303485293,21677509.0,success,2,2024-09-12 09:15:00,2029-09-12 09:15:00,sixty month,30.0
196,1333924038,46654667.0,success,6,2024-09-12 09:16:00,2028-03-12 09:16:00,forty-two month,22.0
197,3960086839,10149443.0,success,5,2024-09-12 09:17:00,2027-09-12 09:17:00,thirty-six month,19.0
198,3960086839,9503690.0,success,4,2024-09-12 09:18:00,2025-09-12 09:18:00,twelve month,6.0
199,9274922399,38824169.0,success,9,2024-09-12 09:19:00,2025-03-12 09:19:00,six month,3.0
200,5920548482,27026219.0,success,8,2024-09-12 09:20:00,2027-03-12 09:20:00,thirty month,16.0
201,3960086839,12532879.0,success,3,2024-09-12 09:21:00,2026-09-12 09:21:00,twenty-four month,13.0
202,2843848429,49086265.0,success,8,2024-09-12 09:22:00,2029-09-12 09:22:00,sixty month,30.0
203,3960086839,47901533.0,success,4,2024-09-12 09:23:00,2026-03-12 09:23:00,eighteen month,10.0
204,1333924038,24061765.0,success,6,2024-09-12 09:24:00,2028-09-12 09:24:00,forty-eight month,25.0
205,3960086839,12183035.0,success,8,2024-09-12 09:25:00,2027-03-12 09:25:00,thirty month,16.0
206,3052928452,33527906.0,success,9,2024-09-12 09:26:00,2028-03-12 09:26:00,forty-two month,22.0
207,6496913603,5864864.0,success,6,2024-09-12 09:27:00,2028-09-12 09:27:00,forty-eight month,25.0
208,2843848429,26849463.0,success,5,2024-09-12 09:28:00,2025-09-12 09:28:00,twelve month,6.0
209,6303485293,35144791.0,success,4,2024-09-12 09:29:00,2026-03-12 09:29:00,eighteen month,10.0
210,6496913603,22221072.0,success,1,2024-09-12 09:30:00,2027-09-12 09:30:00,thirty-six month,19.0
211,3052928452,8216327.0,success,10,2024-09-12 09:31:00,2028-09-12 09:31:00,forty-eight month,25.0
212,6303485293,49801594.0,success,9,2024-09-12 09:32:00,2029-03-12 09:32:00,fifty-four month,28.0
213,7976125545,41934793.0,success,10,2024-09-12 09:33:00,2026-03-12 09:33:00,eighteen month,10.0
214,8203283023,1567741.0,success,6,2024-09-12 09:34:00,2028-03-12 09:34:00,forty-two month,22.0
215,9274922399,16606889.0,success,9,2024-09-12 09:35:00,2026-09-12 09:35:00,twenty-four month,13.0
216,7976125545,24343095.0,success,8,2024-09-12 09:36:00,2029-03-12 09:36:00,fifty-four month,28.0
217,1333924038,8873899.0,success,8,2024-09-12 09:37:00,2025-09-12 09:37:00,twelve month,6.0
218,9274922399,37689730.0,success,1,2024-09-12 09:38:00,2028-09-12 09:38:00,forty-eight month,25.0
219,3960086839,44164877.0,success,9,2024-09-12 09:39:00,2025-03-12 09:39:00,six month,3.0
220,7976125545,36694453.0,success,3,2024-09-12 09:40:00,2025-09-12 09:40:00,twelve month,6.0
221,6496913603,33290316.0,success,5,2024-09-12 09:41:00,2026-03-12 09:41:00,eighteen month,10.0
222,8203283023,17106365.0,success,8,2024-09-12 09:42:00,2024-10-12 09:42:00,one month,0.5
223,6496913603,12239161.0,success,8,2024-09-12 09:43:00,2025-09-12 09:43:00,twelve month,6.0
224,6303485293,47875155.0,success,4,2024-09-12 09:44:00,2029-09-12 09:44:00,sixty month,30.0
225,9274922399,16961592.0,success,1,2024-09-12 09:45:00,2026-03-12 09:45:00,eighteen month,10.0
226,9274922399,25502893.0,success,2,2024-09-12 09:46:00,2028-09-12 09:46:00,forty-eight month,25.0
227,5920548482,19716684.0,success,10,2024-09-12 09:47:00,2026-09-12 09:47:00,twenty-four month,13.0
228,2843848429,2419034.0,success,2,2024-09-12 09:48:00,2027-09-12 09:48:00,thirty-six month,19.0
229,6496913603,49481298.0,success,6,2024-09-12 09:49:00,2027-03-12 09:49:00,thirty month,16.0
230,3052928452,29731528.0,success,6,2024-09-12 09:50:00,2028-03-12 09:50:00,forty-two month,22.0
231,2843848429,25702925.0,success,5,2024-09-12 09:51:00,2027-09-12 09:51:00,thirty-six month,19.0
232,6496913603,26048552.0,success,4,2024-09-12 09:52:00,2026-09-12 09:52:00,twenty-four month,13.0
233,8203283023,7282199.0,success,10,2024-09-12 09:53:00,2026-09-12 09:53:00,twenty-four month,13.0
234,9274922399,46528479.0,success,10,2024-09-12 09:54:00,2027-09-12 09:54:00,thirty-six month,19.0
235,8203283023,1194937.0,success,9,2024-09-12 09:55:00,2025-09-12 09:55:00,twelve month,6.0
236,1333924038,24504226.0,success,8,2024-09-12 09:56:00,2028-09-12 09:56:00,forty-eight month,25.0
237,2843848429,5877215.0,success,8,2024-09-12 09:57:00,2027-09-12 09:57:00,thirty-six month,19.0
238,8203283023,7509234.0,success,8,2024-09-12 09:58:00,2029-03-12 09:58:00,fifty-four month,28.0
239,2843848429,8665348.0,success,3,2024-09-12 09:59:00,2026-03-12 09:59:00,eighteen month,10.0
240,3052928452,17813557.0,success,1,2024-09-12 10:00:00,2027-09-12 10:00:00,thirty-six month,19.0
241,9274922399,39414353.0,success,2,2024-09-12 10:01:00,2028-09-12 10:01:00,forty-eight month,25.0
242,8203283023,4090670.0,success,7,2024-09-12 10:02:00,2027-09-12 10:02:00,thirty-six month,19.0
243,5920548482,6214759.0,success,4,2024-09-12 10:03:00,2027-03-12 10:03:00,thirty month,16.0
244,5920548482,42870171.0,success,6,2024-09-12 10:04:00,2024-10-12 10:04:00,one month,0.5
245,6496913603,17128195.0,success,2,2024-09-12 10:05:00,2027-09-12 10:05:00,thirty-six month,19.0
246,5920548482,13147573.0,success,4,2024-09-12 10:06:00,2029-09-12 10:06:00,sixty month,30.0
247,2843848429,13814965.0,success,2,2024-09-12 10:07:00,2025-09-12 10:07:00,twelve month,6.0
248,8203283023,29808518.0,success,6,2024-09-12 10:08:00,2025-03-12 10:08:00,six month,3.0
249,2843848429,3741679.0,success,9,2024-09-12 10:09:00,2028-03-12 10:09:00,forty-two month,22.0
250,2843848429,45882834.0,success,8,2024-09-12 10:10:00,2025-03-12 10:10:00,six month,3.0
251,5920548482,35349530.0,success,6,2024-09-12 10:11:00,2027-09-12 10:11:00,thirty-six month,19.0
252,6303485293,19518775.0,success,8,2024-09-12 10:12:00,2025-03-12 10:12:00,six month,3.0
253,5920548482,2673511.0,success,7,2024-09-12 10:13:00,2025-09-12 10:13:00,twelve month,6.0
254,3960086839,44985011.0,success,5,2024-09-12 10:14:00,2026-09-12 10:14:00,twenty-four month,13.0
255,6303485293,24739114.0,success,5,2024-09-12 10:15:00,2024-10-12 10:15:00,one month,0.5
256,7976125545,37234083.0,success,8,2024-09-12 10:16:00,2029-09-12 10:16:00,sixty month,30.0
257,2843848429,21860372.0,success,7,2024-09-12 10:17:00,2025-09-12 10:17:00,twelve month,6.0
258,1333924038,41013631.0,success,2,2024-09-12 10:18:00,2025-09-12 10:18:00,twelve month,6.0
259,7976125545,24640004.0,success,7,2024-09-12 10:19:00,2027-03-12 10:19:00,thirty month,16.0
260,8203283023,11223248.0,success,6,2024-09-12 10:20:00,2024-10-12 10:20:00,one month,0.5
261,8203283023,13685467.0,success,5,2024-09-12 10:21:00,2027-09-12 10:21:00,thirty-six month,19.0
262,3960086839,14417093.0,success,10,2024-09-12 10:22:00,2027-09-12 10:22:00,thirty-six month,19.0
263,6496913603,37281009.0,success,3,2024-09-12 10:23:00,2025-09-12 10:23:00,twelve month,6.0
264,6303485293,37491281.0,success,7,2024-09-12 10:24:00,2026-09-12 10:24:00,twenty-four month,13.0
265,1333924038,28702006.0,success,1,2024-09-12 10:25:00,2025-03-12 10:25:00,six month,3.0
266,6496913603,5704112.0,success,1,2024-09-12 10:26:00,2028-09-12 10:26:00,forty-eight month,25.0
267,6496913603,41519130.0,success,6,2024-09-12 10:27:00,2029-09-12 10:27:00,sixty month,30.0
268,2843848429,8581120.0,success,7,2024-09-12 10:28:00,2024-10-12 10:28:00,one month,0.5
269,7976125545,30973073.0,success,9,2024-09-12 10:29:00,2028-03-12 10:29:00,forty-two month,22.0
270,3960086839,36883333.0,success,1,2024-09-12 10:30:00,2028-09-12 10:30:00,forty-eight month,25.0
271,3052928452,38222655.0,success,1,2024-09-12 10:31:00,2028-03-12 10:31:00,forty-two month,22.0
272,6303485293,12847503.0,success,6,2024-09-12 10:32:00,2029-09-12 10:32:00,sixty month,30.0
273,9274922399,45555623.0,success,9,2024-09-12 10:33:00,2024-10-12 10:33:00,one month,0.5
274,5920548482,6063573.0,success,8,2024-09-12 10:34:00,2025-03-12 10:34:00,six month,3.0
275,8203283023,9786370.0,success,6,2024-09-12 10:35:00,2024-10-12 10:35:00,one month,0.5
276,3960086839,12270341.0,success,1,2024-09-12 10:36:00,2029-09-12 10:36:00,sixty month,30.0
277,7976125545,3527676.0,success,3,2024-09-12 10:37:00,2029-09-12 10:37:00,sixty month,30.0
278,6303485293,3813777.0,success,1,2024-09-12 10:38:00,2028-09-12 10:38:00,forty-eight month,25.0
279,1333924038,47438125.0,success,4,2024-09-12 10:39:00,2025-09-12 10:39:00,twelve month,6.0
280,5920548482,47220887.0,success,8,2024-09-12 10:40:00,2028-03-12 10:40:00,forty-two month,22.0
281,6303485293,24777367.0,success,2,2024-09-12 10:41:00,2024-10-12 10:41:00,one month,0.5
282,6303485293,22352351.0,success,9,2024-09-12 10:42:00,2028-03-12 10:42:00,forty-two month,22.0
283,3052928452,3277979.0,success,6,2024-09-12 10:43:00,2025-03-12 10:43:00,six month,3.0
284,5920548482,4971996.0,success,3,2024-09-12 10:44:00,2024-10-12 10:44:00,one month,0.5
285,3960086839,14209713.0,success,5,2024-09-12 10:45:00,2025-09-12 10:45:00,twelve month,6.0
286,9274922399,2971580.0,success,2,2024-09-12 10:46:00,2027-09-12 10:46:00,thirty-six month,19.0
287,6496913603,1620719.0,success,10,2024-09-12 10:47:00,2026-09-12 10:47:00,twenty-four month,13.0
288,8203283023,44022905.0,success,5,2024-09-12 10:48:00,2028-09-12 10:48:00,forty-eight month,25.0
289,2843848429,6600527.0,success,1,2024-09-12 10:49:00,2028-03-12 10:49:00,forty-two month,22.0
290,5920548482,31508355.0,success,8,2024-09-12 10:50:00,2027-03-12 10:50:00,thirty month,16.0
291,2843848429,16026928.0,success,4,2024-09-12 10:51:00,2029-03-12 10:51:00,fifty-four month,28.0
292,7976125545,24901734.0,success,2,2024-09-12 10:52:00,2026-09-12 10:52:00,twenty-four month,13.0
293,9274922399,36707364.0,success,8,2024-09-12 10:53:00,2026-09-12 10:53:00,twenty-four month,13.0
294,2843848429,16173679.0,success,5,2024-09-12 10:54:00,2029-03-12 10:54:00,fifty-four month,28.0
295,1333924038,30380406.0,success,6,2024-09-12 10:55:00,2027-09-12 10:55:00,thirty-six month,19.0
296,2843848429,8713634.0,success,9,2024-09-12 10:56:00,2026-09-12 10:56:00,twenty-four month,13.0
297,1333924038,3433783.0,success,8,2024-09-12 10:57:00,2028-03-12 10:57:00,forty-two month,22.0
298,2843848429,15801679.0,success,1,2024-09-12 10:58:00,2027-09-12 10:58:00,thirty-six month,19.0
299,7976125545,20623036.0,success,9,2024-09-12 10:59:00,2025-09-12 10:59:00,twelve month,6.0
300,3960086839,25333338.0,success,5,2024-09-12 11:00:00,2025-09-12 11:00:00,twelve month,6.0
301,1333924038,21521404.0,success,9,2024-09-12 11:01:00,2028-03-12 11:01:00,forty-two month,22.0
302,9274922399,25161848.0,success,3,2024-09-12 11:02:00,2027-03-12 11:02:00,thirty month,16.0
303,1333924038,31515154.0,success,7,2024-09-12 11:03:00,2028-03-12 11:03:00,forty-two month,22.0
304,2843848429,11754174.0,success,10,2024-09-12 11:04:00,2026-03-12 11:04:00,eighteen month,10.0
305,3960086839,34702195.0,success,7,2024-09-12 11:05:00,2027-03-12 11:05:00,thirty month,16.0
306,8203283023,34497473.0,success,7,2024-09-12 11:06:00,2026-09-12 11:06:00,twenty-four month,13.0
307,6496913603,7511999.0,success,6,2024-09-12 11:07:00,2027-03-12 11:07:00,thirty month,16.0
308,9274922399,34869141.0,success,10,2024-09-12 11:08:00,2028-03-12 11:08:00,forty-two month,22.0
309,8203283023,12676345.0,success,8,2024-09-12 11:09:00,2026-09-12 11:09:00,twenty-four month,13.0
310,2843848429,14266917.0,success,3,2024-09-12 11:10:00,2026-09-12 11:10:00,twenty-four month,13.0
311,6496913603,28339358.0,success,7,2024-09-12 11:11:00,2027-03-12 11:11:00,thirty month,16.0
312,8203283023,46220974.0,success,10,2024-09-12 11:12:00,2027-03-12 11:12:00,thirty month,16.0
313,5920548482,40594724.0,success,10,2024-09-12 11:13:00,2028-09-12 11:13:00,forty-eight month,25.0
314,6496913603,42503670.0,success,9,2024-09-12 11:14:00,2025-09-12 11:14:00,twelve month,6.0
315,8203283023,15374440.0,success,5,2024-09-12 11:15:00,2025-03-12 11:15:00,six month,3.0
316,7976125545,36125690.0,success,1,2024-09-12 11:16:00,2026-03-12 11:16:00,eighteen month,10.0
317,1333924038,35258009.0,success,9,2024-09-12 11:17:00,2029-09-12 11:17:00,sixty month,30.0
318,6303485293,4306086.0,success,7,2024-09-12 11:18:00,2026-03-12 11:18:00,eighteen month,10.0
319,8203283023,30679537.0,success,3,2024-09-12 11:19:00,2025-03-12 11:19:00,six month,3.0
320,8203283023,30916931.0,success,5,2024-09-12 11:20:00,2026-03-12 11:20:00,eighteen month,10.0
321,6496913603,15963518.0,success,2,2024-09-12 11:21:00,2026-03-12 11:21:00,eighteen month,10.0
322,1333924038,41345456.0,success,7,2024-09-12 11:22:00,2025-03-12 11:22:00,six month,3.0
323,5920548482,3704534.0,success,8,2024-09-12 11:23:00,2024-10-12 11:23:00,one month,0.5
324,7976125545,18289022.0,success,2,2024-09-12 11:24:00,2026-09-12 11:24:00,twenty-four month,13.0
325,9274922399,13785472.0,success,10,2024-09-12 11:25:00,2029-03-12 11:25:00,fifty-four month,28.0
326,5920548482,14098259.0,success,1,2024-09-12 11:26:00,2027-03-12 11:26:00,thirty month,16.0
327,5920548482,35823658.0,success,9,2024-09-12 11:27:00,2027-09-12 11:27:00,thirty-six month,19.0
328,3052928452,31292049.0,success,3,2024-09-12 11:28:00,2029-09-12 11:28:00,sixty month,30.0
329,3960086839,1546326.0,success,10,2024-09-12 11:29:00,2024-10-12 11:29:00,one month,0.5
330,9274922399,28253297.0,success,9,2024-09-12 11:30:00,2024-10-12 11:30:00,one month,0.5
331,7976125545,31816505.0,success,1,2024-09-12 11:31:00,2026-03-12 11:31:00,eighteen month,10.0
332,2843848429,37944305.0,success,3,2024-09-12 11:32:00,2027-03-12 11:32:00,thirty month,16.0
333,6303485293,19828321.0,success,3,2024-09-12 11:33:00,2029-03-12 11:33:00,fifty-four month,28.0
334,6303485293,1408703.0,success,1,2024-09-12 11:34:00,2025-09-12 11:34:00,twelve month,6.0
335,1333924038,48376183.0,success,10,2024-09-12 11:35:00,2029-09-12 11:35:00,sixty month,30.0
336,2843848429,6124516.0,success,9,2024-09-12 11:36:00,2028-09-12 11:36:00,forty-eight month,25.0
337,5920548482,25251257.0,success,10,2024-09-12 11:37:00,2024-10-12 11:37:00,one month,0.5
338,9274922399,13251592.0,success,9,2024-09-12 11:38:00,2026-09-12 11:38:00,twenty-four month,13.0
339,3052928452,2922231.0,success,6,2024-09-12 11:39:00,2028-09-12 11:39:00,forty-eight month,25.0
340,8203283023,23939989.0,success,7,2024-09-12 11:40:00,2026-03-12 11:40:00,eighteen month,10.0
341,2843848429,44251071.0,success,1,2024-09-12 11:41:00,2026-09-12 11:41:00,twenty-four month,13.0
342,6303485293,26501566.0,success,5,2024-09-12 11:42:00,2028-09-12 11:42:00,forty-eight month,25.0
343,7976125545,9064039.0,success,9,2024-09-12 11:43:00,2028-09-12 11:43:00,forty-eight month,25.0
344,9274922399,8932928.0,success,6,2024-09-12 11:44:00,2025-03-12 11:44:00,six month,3.0
345,3960086839,12841088.0,success,1,2024-09-12 11:45:00,2029-09-12 11:45:00,sixty month,30.0
346,7976125545,3073492.0,success,9,2024-09-12 11:46:00,2027-09-12 11:46:00,thirty-six month,19.0
347,3960086839,25018924.0,success,6,2024-09-12 11:47:00,2028-09-12 11:47:00,forty-eight month,25.0
348,6303485293,34152992.0,success,8,2024-09-12 11:48:00,2025-03-12 11:48:00,six month,3.0
349,6303485293,27715752.0,success,4,2024-09-12 11:49:00,2028-09-12 11:49:00,forty-eight month,25.0
350,6496913603,36731531.0,success,10,2024-09-12 11:50:00,2028-03-12 11:50:00,forty-two month,22.0
351,8203283023,40071113.0,success,2,2024-09-12 11:51:00,2029-09-12 11:51:00,sixty month,30.0
352,2843848429,39758310.0,success,3,2024-09-12 11:52:00,2029-09-12 11:52:00,sixty month,30.0
353,6496913603,25081955.0,success,2,2024-09-12 11:53:00,2029-09-12 11:53:00,sixty month,30.0
354,9274922399,38443829.0,success,5,2024-09-12 11:54:00,2027-09-12 11:54:00,thirty-six month,19.0
355,6303485293,17950245.0,success,7,2024-09-12 11:55:00,2025-09-12 11:55:00,twelve month,6.0
356,6496913603,9951795.0,success,4,2024-09-12 11:56:00,2028-09-12 11:56:00,forty-eight month,25.0
357,3960086839,29297621.0,success,3,2024-09-12 11:57:00,2025-03-12 11:57:00,six month,3.0
358,1333924038,30720467.0,success,2,2024-09-12 11:58:00,2029-03-12 11:58:00,fifty-four month,28.0
359,7976125545,24006201.0,success,3,2024-09-12 11:59:00,2028-09-12 11:59:00,forty-eight month,25.0
360,3052928452,49545612.0,success,4,2024-09-12 12:00:00,2029-09-12 12:00:00,sixty month,30.0
361,3960086839,22530264.0,success,10,2024-09-12 12:01:00,2029-09-12 12:01:00,sixty month,30.0
362,5920548482,40536988.0,success,2,2024-09-12 12:02:00,2025-03-12 12:02:00,six month,3.0
363,1333924038,4424526.0,success,5,2024-09-12 12:03:00,2029-03-12 12:03:00,fifty-four month,28.0
364,8203283023,40782041.0,success,1,2024-09-12 12:04:00,2029-03-12 12:04:00,fifty-four month,28.0
365,3052928452,21718146.0,success,10,2024-09-12 12:05:00,2027-09-12 12:05:00,thirty-six month,19.0
366,2843848429,29182704.0,success,7,2024-09-12 12:06:00,2029-09-12 12:06:00,sixty month,30.0
367,3052928452,4417114.0,success,10,2024-09-12 12:07:00,2029-03-12 12:07:00,fifty-four month,28.0
368,1333924038,33305660.0,success,8,2024-09-12 12:08:00,2026-03-12 12:08:00,eighteen month,10.0
369,3052928452,9129769.0,success,10,2024-09-12 12:09:00,2027-03-12 12:09:00,thirty month,16.0
370,8203283023,41414179.0,success,4,2024-09-12 12:10:00,2026-03-12 12:10:00,eighteen month,10.0
371,5920548482,46852106.0,success,5,2024-09-12 12:11:00,2026-03-12 12:11:00,eighteen month,10.0
372,8203283023,17685306.0,success,9,2024-09-12 12:12:00,2026-09-12 12:12:00,twenty-four month,13.0
373,3052928452,45327700.0,success,2,2024-09-12 12:13:00,2029-03-12 12:13:00,fifty-four month,28.0
374,9274922399,5028140.0,success,7,2024-09-12 12:14:00,2029-09-12 12:14:00,sixty month,30.0
375,1333924038,8265038.0,success,1,2024-09-12 12:15:00,2025-09-12 12:15:00,twelve month,6.0
376,1333924038,21979198.0,success,8,2024-09-12 12:16:00,2024-10-12 12:16:00,one month,0.5
377,1333924038,22137221.0,success,5,2024-09-12 12:17:00,2028-03-12 12:17:00,forty-two month,22.0
378,2843848429,11642588.0,success,8,2024-09-12 12:18:00,2024-10-12 12:18:00,one month,0.5
379,9274922399,35299522.0,success,5,2024-09-12 12:19:00,2028-03-12 12:19:00,forty-two month,22.0
380,1333924038,46904045.0,success,2,2024-09-12 12:20:00,2025-09-12 12:20:00,twelve month,6.0
381,6496913603,24881236.0,success,4,2024-09-12 12:21:00,2026-09-12 12:21:00,twenty-four month,13.0
382,6303485293,19532875.0,success,9,2024-09-12 12:22:00,2026-03-12 12:22:00,eighteen month,10.0
383,8203283023,17283883.0,success,2,2024-09-12 12:23:00,2026-03-12 12:23:00,eighteen month,10.0
384,8203283023,46666333.0,success,9,2024-09-12 12:24:00,2024-10-12 12:24:00,one month,0.5
385,3960086839,24293043.0,success,5,2024-09-12 12:25:00,2025-09-12 12:25:00,twelve month,6.0
386,9274922399,4564454.0,success,3,2024-09-12 12:26:00,2029-03-12 12:26:00,fifty-four month,28.0
387,7976125545,5526361.0,success,9,2024-09-12 12:27:00,2024-10-12 12:27:00,one month,0.5
388,6496913603,21807043.0,success,7,2024-09-12 12:28:00,2028-09-12 12:28:00,forty-eight month,25.0
389,6496913603,24904157.0,success,5,2024-09-12 12:29:00,2024-10-12 12:29:00,one month,0.5
390,9274922399,39106911.0,success,9,2024-09-12 12:30:00,2026-03-12 12:30:00,eighteen month,10.0
391,9274922399,37554193.0,success,8,2024-09-12 12:31:00,2024-10-12 12:31:00,one month,0.5
392,3052928452,5659776.0,success,10,2024-09-12 12:32:00,2024-10-12 12:32:00,one month,0.5
393,7976125545,29029983.0,success,8,2024-09-12 12:33:00,2029-09-12 12:33:00,sixty month,30.0
394,7976125545,30010206.0,success,5,2024-09-12 12:34:00,2024-10-12 12:34:00,one month,0.5
395,3960086839,4149940.0,success,3,2024-09-12 12:35:00,2028-09-12 12:35:00,forty-eight month,25.0
396,3960086839,49638953.0,success,3,2024-09-12 12:36:00,2025-09-12 12:36:00,twelve month,6.0
397,6496913603,8602918.0,success,1,2024-09-12 12:37:00,2029-03-12 12:37:00,fifty-four month,28.0
398,6496913603,35346293.0,success,1,2024-09-12 12:38:00,2026-03-12 12:38:00,eighteen month,10.0
399,3960086839,34973559.0,success,1,2024-09-12 12:39:00,2027-09-12 12:39:00,thirty-six month,19.0
400,3960086839,3936560.0,success,1,2024-09-12 12:40:00,2028-09-12 12:40:00,forty-eight month,25.0
401,9274922399,30229292.0,success,2,2024-09-12 12:41:00,2025-03-12 12:41:00,six month,3.0
402,9274922399,11943981.0,success,4,2024-09-12 12:42:00,2027-09-12 12:42:00,thirty-six month,19.0
403,5920548482,9271229.0,success,6,2024-09-12 12:43:00,2027-03-12 12:43:00,thirty month,16.0
404,8203283023,40538179.0,success,10,2024-09-12 12:44:00,2028-03-12 12:44:00,forty-two month,22.0
405,8203283023,39891979.0,success,3,2024-09-12 12:45:00,2025-09-12 12:45:00,twelve month,6.0
406,5920548482,21313229.0,success,2,2024-09-12 12:46:00,2029-09-12 12:46:00,sixty month,30.0
407,6303485293,35671876.0,success,2,2024-09-12 12:47:00,2028-03-12 12:47:00,forty-two month,22.0
408,1333924038,21920275.0,success,10,2024-09-12 12:48:00,2026-09-12 12:48:00,twenty-four month,13.0
409,3052928452,17365001.0,success,10,2024-09-12 12:49:00,2026-09-12 12:49:00,twenty-four month,13.0
410,1333924038,15757832.0,success,5,2024-09-12 12:50:00,2028-09-12 12:50:00,forty-eight month,25.0
411,9274922399,22574223.0,success,10,2024-09-12 12:51:00,2027-09-12 12:51:00,thirty-six month,19.0
412,9274922399,37787435.0,success,6,2024-09-12 12:52:00,2028-03-12 12:52:00,forty-two month,22.0
413,1333924038,45557516.0,success,4,2024-09-12 12:53:00,2025-03-12 12:53:00,six month,3.0
414,8203283023,37383389.0,success,1,2024-09-12 12:54:00,2026-09-12 12:54:00,twenty-four month,13.0
415,7976125545,12573769.0,success,3,2024-09-12 12:55:00,2027-09-12 12:55:00,thirty-six month,19.0
416,3960086839,45629003.0,success,2,2024-09-12 12:56:00,2024-10-12 12:56:00,one month,0.5
417,6303485293,44561917.0,success,9,2024-09-12 12:57:00,2025-03-12 12:57:00,six month,3.0
418,1333924038,33318171.0,success,8,2024-09-12 12:58:00,2027-03-12 12:58:00,thirty month,16.0
419,3960086839,44614270.0,success,3,2024-09-12 12:59:00,2028-03-12 12:59:00,forty-two month,22.0
420,7976125545,49771341.0,success,8,2024-09-12 13:00:00,2029-09-12 13:00:00,sixty month,30.0
421,2843848429,49222223.0,success,9,2024-09-12 13:01:00,2025-03-12 13:01:00,six month,3.0
422,1333924038,48833832.0,success,3,2024-09-12 13:02:00,2029-09-12 13:02:00,sixty month,30.0
423,3052928452,40547895.0,success,6,2024-09-12 13:03:00,2028-09-12 13:03:00,forty-eight month,25.0
424,3960086839,17851482.0,success,7,2024-09-12 13:04:00,2024-10-12 13:04:00,one month,0.5
425,3960086839,5418739.0,success,4,2024-09-12 13:05:00,2026-09-12 13:05:00,twenty-four month,13.0
426,2843848429,21291823.0,success,8,2024-09-12 13:06:00,2028-03-12 13:06:00,forty-two month,22.0
427,8203283023,46852141.0,success,1,2024-09-12 13:07:00,2025-03-12 13:07:00,six month,3.0
428,9274922399,46288528.0,success,10,2024-09-12 13:08:00,2027-09-12 13:08:00,thirty-six month,19.0
429,6496913603,22114209.0,success,1,2024-09-12 13:09:00,2025-03-12 13:09:00,six month,3.0
430,2843848429,25854819.0,success,5,2024-09-12 13:10:00,2025-09-12 13:10:00,twelve month,6.0
431,1333924038,45225253.0,success,4,2024-09-12 13:11:00,2025-03-12 13:11:00,six month,3.0
432,3052928452,10852942.0,success,7,2024-09-12 13:12:00,2028-09-12 13:12:00,forty-eight month,25.0
433,9274922399,41579104.0,success,1,2024-09-12 13:13:00,2025-03-12 13:13:00,six month,3.0
434,3960086839,44664621.0,success,4,2024-09-12 13:14:00,2025-09-12 13:14:00,twelve month,6.0
435,7976125545,42329269.0,success,6,2024-09-12 13:15:00,2029-09-12 13:15:00,sixty month,30.0
436,7976125545,22361893.0,success,3,2024-09-12 13:16:00,2028-03-12 13:16:00,forty-two month,22.0
437,5920548482,36782242.0,success,1,2024-09-12 13:17:00,2029-09-12 13:17:00,sixty month,30.0
438,3960086839,48958237.0,success,6,2024-09-12 13:18:00,2029-03-12 13:18:00,fifty-four month,28.0
439,1333924038,39453078.0,success,6,2024-09-12 13:19:00,2026-09-12 13:19:00,twenty-four month,13.0
440,6496913603,35779733.0,success,4,2024-09-12 13:20:00,2025-03-12 13:20:00,six month,3.0
441,6496913603,20687075.0,success,7,2024-09-12 13:21:00,2029-09-12 13:21:00,sixty month,30.0
442,9274922399,18855556.0,success,10,2024-09-12 13:22:00,2025-09-12 13:22:00,twelve month,6.0
443,5920548482,27806559.0,success,10,2024-09-12 13:23:00,2029-03-12 13:23:00,fifty-four month,28.0
444,3960086839,11762597.0,success,4,2024-09-12 13:24:00,2029-03-12 13:24:00,fifty-four month,28.0
445,2843848429,11599852.0,success,7,2024-09-12 13:25:00,2028-09-12 13:25:00,forty-eight month,25.0
446,6303485293,31878604.0,success,1,2024-09-12 13:26:00,2028-03-12 13:26:00,forty-two month,22.0
447,3052928452,25757572.0,success,7,2024-09-12 13:27:00,2028-03-12 13:27:00,forty-two month,22.0
448,5920548482,22566451.0,success,6,2024-09-12 13:28:00,2028-03-12 13:28:00,forty-two month,22.0
449,8203283023,10721435.0,success,2,2024-09-12 13:29:00,2027-09-12 13:29:00,thirty-six month,19.0
450,3052928452,39368367.0,success,8,2024-09-12 13:30:00,2029-03-12 13:30:00,fifty-four month,28.0
451,6303485293,42016717.0,success,2,2024-09-12 13:31:00,2025-09-12 13:31:00,twelve month,6.0
452,7976125545,18498429.0,success,4,2024-09-12 13:32:00,2029-03-12 13:32:00,fifty-four month,28.0
453,5920548482,18986290.0,success,2,2024-09-12 13:33:00,2024-10-12 13:33:00,one month,0.5
454,6303485293,24135330.0,success,2,2024-09-12 13:34:00,2026-09-12 13:34:00,twenty-four month,13.0
455,7976125545,36909750.0,success,3,2024-09-12 13:35:00,2028-03-12 13:35:00,forty-two month,22.0
456,9274922399,36923912.0,success,9,2024-09-12 13:36:00,2025-09-12 13:36:00,twelve month,6.0
457,3960086839,10805702.0,success,6,2024-09-12 13:37:00,2027-03-12 13:37:00,thirty month,16.0
458,3052928452,25120401.0,success,1,2024-09-12 13:38:00,2028-09-12 13:38:00,forty-eight month,25.0
459,9274922399,3916745.0,success,10,2024-09-12 13:39:00,2024-10-12 13:39:00,one month,0.5
460,3052928452,35510057.0,success,2,2024-09-12 13:40:00,2025-03-12 13:40:00,six month,3.0
461,5920548482,2500909.0,success,8,2024-09-12 13:41:00,2027-03-12 13:41:00,thirty month,16.0
462,8203283023,29126574.0,success,3,2024-09-12 13:42:00,2026-09-12 13:42:00,twenty-four month,13.0
463,8203283023,6598730.0,success,3,2024-09-12 13:43:00,2026-09-12 13:43:00,twenty-four month,13.0
464,6303485293,11104605.0,success,4,2024-09-12 13:44:00,2027-09-12 13:44:00,thirty-six month,19.0
465,8203283023,41321913.0,success,8,2024-09-12 13:45:00,2027-03-12 13:45:00,thirty month,16.0
466,2843848429,48660345.0,success,2,2024-09-12 13:46:00,2027-09-12 13:46:00,thirty-six month,19.0
467,3052928452,11019696.0,success,8,2024-09-12 13:47:00,2026-03-12 13:47:00,eighteen month,10.0
468,7976125545,20889024.0,success,2,2024-09-12 13:48:00,2027-03-12 13:48:00,thirty month,16.0
469,2843848429,29651946.0,success,10,2024-09-12 13:49:00,2028-03-12 13:49:00,forty-two month,22.0
470,6303485293,35408359.0,success,9,2024-09-12 13:50:00,2025-09-12 13:50:00,twelve month,6.0
471,3960086839,12157617.0,success,9,2024-09-12 13:51:00,2026-03-12 13:51:00,eighteen month,10.0
472,3052928452,49245053.0,success,9,2024-09-12 13:52:00,2026-09-12 13:52:00,twenty-four month,13.0
473,5920548482,45941591.0,success,3,2024-09-12 13:53:00,2029-03-12 13:53:00,fifty-four month,28.0
474,7976125545,8820833.0,success,7,2024-09-12 13:54:00,2024-10-12 13:54:00,one month,0.5
475,8203283023,49041698.0,success,8,2024-09-12 13:55:00,2029-03-12 13:55:00,fifty-four month,28.0
476,3052928452,2945380.0,success,4,2024-09-12 13:56:00,2028-03-12 13:56:00,forty-two month,22.0
477,1333924038,4321978.0,success,1,2024-09-12 13:57:00,2028-03-12 13:57:00,forty-two month,22.0
478,3052928452,42294899.0,success,6,2024-09-12 13:58:00,2027-03-12 13:58:00,thirty month,16.0
479,7976125545,38486738.0,success,4,2024-09-12 13:59:00,2026-03-12 13:59:00,eighteen month,10.0
480,2843848429,27650148.0,success,7,2024-09-12 14:00:00,2027-03-12 14:00:00,thirty month,16.0
481,1333924038,8598619.0,success,2,2024-09-12 14:01:00,2025-03-12 14:01:00,six month,3.0
482,5920548482,16676211.0,success,6,2024-09-12 14:02:00,2025-09-12 14:02:00,twelve month,6.0
483,3052928452,10545758.0,success,9,2024-09-12 14:03:00,2026-03-12 14:03:00,eighteen month,10.0
484,6496913603,18171655.0,success,4,2024-09-12 14:04:00,2025-09-12 14:04:00,twelve month,6.0
485,8203283023,14980893.0,success,1,2024-09-12 14:05:00,2026-09-12 14:05:00,twenty-four month,13.0
486,6496913603,22931238.0,success,5,2024-09-12 14:06:00,2026-03-12 14:06:00,eighteen month,10.0
487,5920548482,23899140.0,success,7,2024-09-12 14:07:00,2029-09-12 14:07:00,sixty month,30.0
488,8203283023,22198992.0,success,3,2024-09-12 14:08:00,2026-09-12 14:08:00,twenty-four month,13.0
489,2843848429,25513354.0,success,7,2024-09-12 14:09:00,2028-03-12 14:09:00,forty-two month,22.0
490,8203283023,25488118.0,success,3,2024-09-12 14:10:00,2025-03-12 14:10:00,six month,3.0
491,7976125545,49126176.0,success,8,2024-09-12 14:11:00,2024-10-12 14:11:00,one month,0.5
492,2843848429,12014037.0,success,2,2024-09-12 14:12:00,2028-09-12 14:12:00,forty-eight month,25.0
493,3960086839,7320346.0,success,8,2024-09-12 14:13:00,2024-10-12 14:13:00,one month,0.5
494,6496913603,27986460.0,success,4,2024-09-12 14:14:00,2026-03-12 14:14:00,eighteen month,10.0
495,7976125545,25193832.0,success,6,2024-09-12 14:15:00,2029-09-12 14:15:00,sixty month,30.0
496,2843848429,25564552.0,success,10,2024-09-12 14:16:00,2024-10-12 14:16:00,one month,0.5
497,6303485293,7744117.0,success,10,2024-09-12 14:17:00,2028-03-12 14:17:00,forty-two month,22.0
498,8203283023,1958734.0,success,5,2024-09-12 14:18:00,2025-09-12 14:18:00,twelve month,6.0
499,9274922399,12622385.0,success,6,2024-09-12 14:19:00,2029-03-12 14:19:00,fifty-four month,28.0
500,8203283023,13879248.0,success,3,2024-09-12 14:20:00,2024-10-12 14:20:00,one month,0.5
501,6496913603,18635874.0,success,10,2024-09-12 14:21:00,2025-03-12 14:21:00,six month,3.0
502,8203283023,38690042.0,success,4,2024-09-12 14:22:00,2026-09-12 14:22:00,twenty-four month,13.0
503,3960086839,6785097.0,success,5,2024-09-12 14:23:00,2026-03-12 14:23:00,eighteen month,10.0
504,2843848429,44415468.0,success,5,2024-09-12 14:24:00,2026-03-12 14:24:00,eighteen month,10.0
505,7976125545,3265423.0,success,1,2024-09-12 14:25:00,2027-09-12 14:25:00,thirty-six month,19.0
506,2843848429,49851792.0,success,10,2024-09-12 14:26:00,2029-03-12 14:26:00,fifty-four month,28.0
507,3052928452,2717097.0,success,2,2024-09-12 14:27:00,2025-09-12 14:27:00,twelve month,6.0
508,6496913603,6963891.0,success,3,2024-09-12 14:28:00,2026-09-12 14:28:00,twenty-four month,13.0
509,6496913603,29068079.0,success,9,2024-09-12 14:29:00,2024-10-12 14:29:00,one month,0.5
510,3960086839,47236232.0,success,6,2024-09-12 14:30:00,2029-03-12 14:30:00,fifty-four month,28.0
511,2843848429,9006445.0,success,6,2024-09-12 14:31:00,2029-09-12 14:31:00,sixty month,30.0
512,8203283023,20302881.0,success,7,2024-09-12 14:32:00,2025-09-12 14:32:00,twelve month,6.0
513,9274922399,35477376.0,success,7,2024-09-12 14:33:00,2025-09-12 14:33:00,twelve month,6.0
514,3960086839,35243372.0,success,7,2024-09-12 14:34:00,2026-09-12 14:34:00,twenty-four month,13.0
515,1333924038,35700908.0,success,8,2024-09-12 14:35:00,2028-03-12 14:35:00,forty-two month,22.0
516,5920548482,4765417.0,success,6,2024-09-12 14:36:00,2029-03-12 14:36:00,fifty-four month,28.0
517,6496913603,39664023.0,success,10,2024-09-12 14:37:00,2029-03-12 14:37:00,fifty-four month,28.0
518,6496913603,15231874.0,success,10,2024-09-12 14:38:00,2026-03-12 14:38:00,eighteen month,10.0
519,8203283023,18718386.0,success,3,2024-09-12 14:39:00,2025-09-12 14:39:00,twelve month,6.0
520,6303485293,17982194.0,success,3,2024-09-12 14:40:00,2026-03-12 14:40:00,eighteen month,10.0
521,1333924038,33690150.0,success,3,2024-09-12 14:41:00,2027-09-12 14:41:00,thirty-six month,19.0
522,2843848429,44040658.0,success,10,2024-09-12 14:42:00,2026-09-12 14:42:00,twenty-four month,13.0
523,3960086839,22621821.0,success,10,2024-09-12 14:43:00,2025-03-12 14:43:00,six month,3.0
524,7976125545,48557007.0,success,10,2024-09-12 14:44:00,2029-09-12 14:44:00,sixty month,30.0
525,9274922399,20525239.0,success,9,2024-09-12 14:45:00,2027-03-12 14:45:00,thirty month,16.0
526,5920548482,33199412.0,success,5,2024-09-12 14:46:00,2029-03-12 14:46:00,fifty-four month,28.0
527,5920548482,33761419.0,success,1,2024-09-12 14:47:00,2026-09-12 14:47:00,twenty-four month,13.0
528,8203283023,37841117.0,success,3,2024-09-12 14:48:00,2029-03-12 14:48:00,fifty-four month,28.0
529,3960086839,25292132.0,success,4,2024-09-12 14:49:00,2029-03-12 14:49:00,fifty-four month,28.0
530,2843848429,22606743.0,success,10,2024-09-12 14:50:00,2024-10-12 14:50:00,one month,0.5
531,8203283023,14741450.0,success,1,2024-09-12 14:51:00,2027-09-12 14:51:00,thirty-six month,19.0
532,8203283023,35673888.0,success,10,2024-09-12 14:52:00,2029-03-12 14:52:00,fifty-four month,28.0
533,9274922399,25211785.0,success,1,2024-09-12 14:53:00,2026-09-12 14:53:00,twenty-four month,13.0
534,1333924038,44868483.0,success,9,2024-09-12 14:54:00,2024-10-12 14:54:00,one month,0.5
535,1333924038,13477208.0,success,5,2024-09-12 14:55:00,2024-10-12 14:55:00,one month,0.5
536,6303485293,4996650.0,success,5,2024-09-12 14:56:00,2027-03-12 14:56:00,thirty month,16.0
537,9274922399,41132557.0,success,10,2024-09-12 14:57:00,2029-03-12 14:57:00,fifty-four month,28.0
538,8203283023,1727274.0,success,8,2024-09-12 14:58:00,2028-09-12 14:58:00,forty-eight month,25.0
539,2843848429,47492813.0,success,4,2024-09-12 14:59:00,2028-09-12 14:59:00,forty-eight month,25.0
540,9274922399,10892078.0,success,2,2024-09-12 15:00:00,2025-09-12 15:00:00,twelve month,6.0
541,6496913603,24434412.0,success,6,2024-09-12 15:01:00,2027-09-12 15:01:00,thirty-six month,19.0
542,9274922399,16015113.0,success,6,2024-09-12 15:02:00,2025-09-12 15:02:00,twelve month,6.0
543,7976125545,11483495.0,success,2,2024-09-12 15:03:00,2025-09-12 15:03:00,twelve month,6.0
544,3052928452,8300339.0,success,8,2024-09-12 15:04:00,2027-09-12 15:04:00,thirty-six month,19.0
545,9274922399,1225439.0,success,3,2024-09-12 15:05:00,2025-03-12 15:05:00,six month,3.0
546,1333924038,42343788.0,success,9,2024-09-12 15:06:00,2029-09-12 15:06:00,sixty month,30.0
547,3052928452,47123691.0,success,2,2024-09-12 15:07:00,2028-09-12 15:07:00,forty-eight month,25.0
548,7976125545,48583229.0,success,7,2024-09-12 15:08:00,2025-09-12 15:08:00,twelve month,6.0
549,7976125545,28994937.0,success,4,2024-09-12 15:09:00,2029-09-12 15:09:00,sixty month,30.0
550,6303485293,40460247.0,success,10,2024-09-12 15:10:00,2026-09-12 15:10:00,twenty-four month,13.0
551,1333924038,3076459.0,success,3,2024-09-12 15:11:00,2028-09-12 15:11:00,forty-eight month,25.0
552,6496913603,2571789.0,success,6,2024-09-12 15:12:00,2028-09-12 15:12:00,forty-eight month,25.0
553,2843848429,16398421.0,success,5,2024-09-12 15:13:00,2028-03-12 15:13:00,forty-two month,22.0
554,1333924038,10481802.0,success,3,2024-09-12 15:14:00,2024-10-12 15:14:00,one month,0.5
555,3960086839,23611363.0,success,10,2024-09-12 15:15:00,2028-03-12 15:15:00,forty-two month,22.0
556,6496913603,36854580.0,success,3,2024-09-12 15:16:00,2025-03-12 15:16:00,six month,3.0
557,3052928452,2655639.0,success,2,2024-09-12 15:17:00,2025-09-12 15:17:00,twelve month,6.0
558,6496913603,2144552.0,success,10,2024-09-12 15:18:00,2028-03-12 15:18:00,forty-two month,22.0
559,6496913603,47958860.0,success,4,2024-09-12 15:19:00,2024-10-12 15:19:00,one month,0.5
560,6303485293,39469734.0,success,7,2024-09-12 15:20:00,2027-03-12 15:20:00,thirty month,16.0
561,6303485293,49715576.0,success,2,2024-09-12 15:21:00,2025-09-12 15:21:00,twelve month,6.0
562,6496913603,2581251.0,success,8,2024-09-12 15:22:00,2024-10-12 15:22:00,one month,0.5
563,6303485293,30068622.0,success,9,2024-09-12 15:23:00,2029-03-12 15:23:00,fifty-four month,28.0
564,6496913603,46196658.0,success,1,2024-09-12 15:24:00,2028-03-12 15:24:00,forty-two month,22.0
565,6303485293,12570939.0,success,2,2024-09-12 15:25:00,2025-03-12 15:25:00,six month,3.0
566,6303485293,23382348.0,success,7,2024-09-12 15:26:00,2027-03-12 15:26:00,thirty month,16.0
567,1333924038,1197515.0,success,9,2024-09-12 15:27:00,2025-03-12 15:27:00,six month,3.0
568,3052928452,32864660.0,success,2,2024-09-12 15:28:00,2028-03-12 15:28:00,forty-two month,22.0
569,8203283023,41683517.0,success,5,2024-09-12 15:29:00,2027-03-12 15:29:00,thirty month,16.0
570,7976125545,8847501.0,success,6,2024-09-12 15:30:00,2027-03-12 15:30:00,thirty month,16.0
571,3052928452,27541580.0,success,8,2024-09-12 15:31:00,2028-03-12 15:31:00,forty-two month,22.0
572,7976125545,2056079.0,success,8,2024-09-12 15:32:00,2028-09-12 15:32:00,forty-eight month,25.0
573,9274922399,13135797.0,success,3,2024-09-12 15:33:00,2025-09-12 15:33:00,twelve month,6.0
574,6496913603,7482020.0,success,3,2024-09-12 15:34:00,2029-09-12 15:34:00,sixty month,30.0
575,2843848429,24395638.0,success,7,2024-09-12 15:35:00,2028-03-12 15:35:00,forty-two month,22.0
576,1333924038,48637613.0,success,5,2024-09-12 15:36:00,2027-09-12 15:36:00,thirty-six month,19.0
577,1333924038,24091359.0,success,4,2024-09-12 15:37:00,2024-10-12 15:37:00,one month,0.5
578,6303485293,17503860.0,success,6,2024-09-12 15:38:00,2028-03-12 15:38:00,forty-two month,22.0
579,1333924038,38422189.0,success,1,2024-09-12 15:39:00,2029-03-12 15:39:00,fifty-four month,28.0
580,2843848429,15382530.0,success,9,2024-09-12 15:40:00,2026-03-12 15:40:00,eighteen month,10.0
581,3960086839,24425658.0,success,3,2024-09-12 15:41:00,2025-03-12 15:41:00,six month,3.0
582,7976125545,44739291.0,success,1,2024-09-12 15:42:00,2025-03-12 15:42:00,six month,3.0
583,5920548482,34798183.0,success,9,2024-09-12 15:43:00,2029-09-12 15:43:00,sixty month,30.0
584,9274922399,17620536.0,success,7,2024-09-12 15:44:00,2026-03-12 15:44:00,eighteen month,10.0
585,1333924038,36265246.0,success,4,2024-09-12 15:45:00,2028-09-12 15:45:00,forty-eight month,25.0
586,6303485293,37998895.0,success,1,2024-09-12 15:46:00,2025-09-12 15:46:00,twelve month,6.0
587,3960086839,44392740.0,success,5,2024-09-12 15:47:00,2027-03-12 15:47:00,thirty month,16.0
588,6303485293,34754398.0,success,2,2024-09-12 15:48:00,2026-09-12 15:48:00,twenty-four month,13.0
589,2843848429,17400619.0,success,8,2024-09-12 15:49:00,2026-03-12 15:49:00,eighteen month,10.0
590,3052928452,39116696.0,success,4,2024-09-12 15:50:00,2028-09-12 15:50:00,forty-eight month,25.0
591,8203283023,11158525.0,success,7,2024-09-12 15:51:00,2027-03-12 15:51:00,thirty month,16.0
592,6303485293,12781993.0,success,9,2024-09-12 15:52:00,2027-03-12 15:52:00,thirty month,16.0
593,3052928452,21941523.0,success,8,2024-09-12 15:53:00,2027-09-12 15:53:00,thirty-six month,19.0
594,6496913603,20234814.0,success,3,2024-09-12 15:54:00,2026-03-12 15:54:00,eighteen month,10.0
595,8203283023,21693376.0,success,2,2024-09-12 15:55:00,2029-03-12 15:55:00,fifty-four month,28.0
596,6496913603,48844197.0,success,6,2024-09-12 15:56:00,2026-03-12 15:56:00,eighteen month,10.0
597,6303485293,20007780.0,success,10,2024-09-12 15:57:00,2027-03-12 15:57:00,thirty month,16.0
598,2843848429,22795110.0,success,4,2024-09-12 15:58:00,2026-03-12 15:58:00,eighteen month,10.0
599,3960086839,45014579.0,success,2,2024-09-12 15:59:00,2024-10-12 15:59:00,one month,0.5
600,9274922399,21152717.0,success,1,2024-09-12 16:00:00,2028-09-12 16:00:00,forty-eight month,25.0
601,6303485293,10718313.0,success,1,2024-09-12 16:01:00,2026-03-12 16:01:00,eighteen month,10.0
602,8203283023,45669029.0,success,4,2024-09-12 16:02:00,2025-09-12 16:02:00,twelve month,6.0
603,3052928452,28227556.0,success,1,2024-09-12 16:03:00,2028-09-12 16:03:00,forty-eight month,25.0
604,3052928452,14628527.0,success,5,2024-09-12 16:04:00,2029-03-12 16:04:00,fifty-four month,28.0
605,1333924038,48674182.0,success,9,2024-09-12 16:05:00,2025-03-12 16:05:00,six month,3.0
606,9274922399,7125872.0,success,5,2024-09-12 16:06:00,2026-09-12 16:06:00,twenty-four month,13.0
607,9274922399,38944843.0,success,10,2024-09-12 16:07:00,2029-09-12 16:07:00,sixty month,30.0
608,3052928452,36124454.0,success,10,2024-09-12 16:08:00,2029-03-12 16:08:00,fifty-four month,28.0
609,8203283023,20015851.0,success,10,2024-09-12 16:09:00,2025-09-12 16:09:00,twelve month,6.0
610,2843848429,9287654.0,success,6,2024-09-12 16:10:00,2025-09-12 16:10:00,twelve month,6.0
611,8203283023,34302553.0,success,8,2024-09-12 16:11:00,2027-09-12 16:11:00,thirty-six month,19.0
612,6496913603,11239743.0,success,6,2024-09-12 16:12:00,2028-03-12 16:12:00,forty-two month,22.0
613,3960086839,20853088.0,success,10,2024-09-12 16:13:00,2029-03-12 16:13:00,fifty-four month,28.0
614,3960086839,20433402.0,success,3,2024-09-12 16:14:00,2029-03-12 16:14:00,fifty-four month,28.0
615,7976125545,34840050.0,success,3,2024-09-12 16:15:00,2026-09-12 16:15:00,twenty-four month,13.0
616,1333924038,20396190.0,success,1,2024-09-12 16:16:00,2027-03-12 16:16:00,thirty month,16.0
617,1333924038,14533829.0,success,2,2024-09-12 16:17:00,2029-03-12 16:17:00,fifty-four month,28.0
618,7976125545,45456959.0,success,10,2024-09-12 16:18:00,2024-10-12 16:18:00,one month,0.5
619,6303485293,4832627.0,success,8,2024-09-12 16:19:00,2027-09-12 16:19:00,thirty-six month,19.0
620,7976125545,46911169.0,success,6,2024-09-12 16:20:00,2029-03-12 16:20:00,fifty-four month,28.0
621,2843848429,36519821.0,success,6,2024-09-12 16:21:00,2028-03-12 16:21:00,forty-two month,22.0
622,1333924038,38572598.0,success,2,2024-09-12 16:22:00,2027-09-12 16:22:00,thirty-six month,19.0
623,6303485293,42779813.0,success,3,2024-09-12 16:23:00,2028-03-12 16:23:00,forty-two month,22.0
624,1333924038,45400868.0,success,2,2024-09-12 16:24:00,2028-03-12 16:24:00,forty-two month,22.0
625,1333924038,22903803.0,success,1,2024-09-12 16:25:00,2029-03-12 16:25:00,fifty-four month,28.0
626,8203283023,19945324.0,success,8,2024-09-12 16:26:00,2026-09-12 16:26:00,twenty-four month,13.0
627,2843848429,20790786.0,success,5,2024-09-12 16:27:00,2028-09-12 16:27:00,forty-eight month,25.0
628,9274922399,13950664.0,success,6,2024-09-12 16:28:00,2029-03-12 16:28:00,fifty-four month,28.0
629,5920548482,18043496.0,success,7,2024-09-12 16:29:00,2025-09-12 16:29:00,twelve month,6.0
630,3960086839,11181276.0,success,7,2024-09-12 16:30:00,2026-09-12 16:30:00,twenty-four month,13.0
631,3960086839,25222547.0,success,3,2024-09-12 16:31:00,2026-09-12 16:31:00,twenty-four month,13.0
632,6303485293,11706591.0,success,6,2024-09-12 16:32:00,2028-03-12 16:32:00,forty-two month,22.0
633,6303485293,26636138.0,success,10,2024-09-12 16:33:00,2024-10-12 16:33:00,one month,0.5
634,3960086839,36554286.0,success,1,2024-09-12 16:34:00,2029-09-12 16:34:00,sixty month,30.0
635,9274922399,44102735.0,success,10,2024-09-12 16:35:00,2028-09-12 16:35:00,forty-eight month,25.0
636,3052928452,38114970.0,success,6,2024-09-12 16:36:00,2027-03-12 16:36:00,thirty month,16.0
637,3052928452,18091927.0,success,1,2024-09-12 16:37:00,2027-03-12 16:37:00,thirty month,16.0
638,2843848429,8422274.0,success,4,2024-09-12 16:38:00,2025-09-12 16:38:00,twelve month,6.0
639,6303485293,39018972.0,success,2,2024-09-12 16:39:00,2025-03-12 16:39:00,six month,3.0
640,9274922399,33861309.0,success,7,2024-09-12 16:40:00,2024-10-12 16:40:00,one month,0.5
641,2843848429,31213852.0,success,6,2024-09-12 16:41:00,2028-03-12 16:41:00,forty-two month,22.0
642,7976125545,19456105.0,success,1,2024-09-12 16:42:00,2025-03-12 16:42:00,six month,3.0
643,1333924038,25795249.0,success,2,2024-09-12 16:43:00,2025-03-12 16:43:00,six month,3.0
644,3960086839,1976335.0,success,4,2024-09-12 16:44:00,2025-03-12 16:44:00,six month,3.0
645,6496913603,34817333.0,success,2,2024-09-12 16:45:00,2028-09-12 16:45:00,forty-eight month,25.0
646,9274922399,20962155.0,success,1,2024-09-12 16:46:00,2026-03-12 16:46:00,eighteen month,10.0
647,6496913603,34322219.0,success,4,2024-09-12 16:47:00,2029-09-12 16:47:00,sixty month,30.0
648,8203283023,2410687.0,success,3,2024-09-12 16:48:00,2029-09-12 16:48:00,sixty month,30.0
649,7976125545,11356902.0,success,10,2024-09-12 16:49:00,2028-09-12 16:49:00,forty-eight month,25.0
650,9274922399,22540501.0,success,8,2024-09-12 16:50:00,2025-09-12 16:50:00,twelve month,6.0
651,1333924038,25128648.0,success,6,2024-09-12 16:51:00,2027-09-12 16:51:00,thirty-six month,19.0
652,6496913603,3384562.0,success,3,2024-09-12 16:52:00,2027-09-12 16:52:00,thirty-six month,19.0
653,6496913603,40809174.0,success,9,2024-09-12 16:53:00,2024-10-12 16:53:00,one month,0.5
654,6496913603,20343045.0,success,4,2024-09-12 16:54:00,2027-03-12 16:54:00,thirty month,16.0
655,9274922399,45313502.0,success,5,2024-09-12 16:55:00,2026-09-12 16:55:00,twenty-four month,13.0
656,2843848429,22327235.0,success,2,2024-09-12 16:56:00,2029-03-12 16:56:00,fifty-four month,28.0
657,2843848429,46981577.0,success,2,2024-09-12 16:57:00,2028-03-12 16:57:00,forty-two month,22.0
658,3052928452,4035965.0,success,9,2024-09-12 16:58:00,2026-03-12 16:58:00,eighteen month,10.0
659,3052928452,12278039.0,success,2,2024-09-12 16:59:00,2029-03-12 16:59:00,fifty-four month,28.0
660,2843848429,37961656.0,success,6,2024-09-12 17:00:00,2029-03-12 17:00:00,fifty-four month,28.0
661,3052928452,10691497.0,success,7,2024-09-12 17:01:00,2026-09-12 17:01:00,twenty-four month,13.0
662,3960086839,7779387.0,success,1,2024-09-12 17:02:00,2028-03-12 17:02:00,forty-two month,22.0
663,8203283023,12779389.0,success,3,2024-09-12 17:03:00,2028-03-12 17:03:00,forty-two month,22.0
664,2843848429,29283186.0,success,7,2024-09-12 17:04:00,2026-09-12 17:04:00,twenty-four month,13.0
665,3960086839,46704061.0,success,4,2024-09-12 17:05:00,2028-09-12 17:05:00,forty-eight month,25.0
666,1333924038,5214444.0,success,2,2024-09-12 17:06:00,2026-03-12 17:06:00,eighteen month,10.0
667,2843848429,16418359.0,success,2,2024-09-12 17:07:00,2029-09-12 17:07:00,sixty month,30.0
668,2843848429,12522317.0,success,6,2024-09-12 17:08:00,2025-09-12 17:08:00,twelve month,6.0
669,6496913603,15939738.0,success,4,2024-09-12 17:09:00,2027-09-12 17:09:00,thirty-six month,19.0
670,3960086839,29192192.0,success,2,2024-09-12 17:10:00,2026-09-12 17:10:00,twenty-four month,13.0
671,6303485293,25599400.0,success,5,2024-09-12 17:11:00,2027-09-12 17:11:00,thirty-six month,19.0
672,6496913603,20964151.0,success,10,2024-09-12 17:12:00,2027-09-12 17:12:00,thirty-six month,19.0
673,5920548482,20073259.0,success,9,2024-09-12 17:13:00,2029-09-12 17:13:00,sixty month,30.0
674,2843848429,27356367.0,success,3,2024-09-12 17:14:00,2028-03-12 17:14:00,forty-two month,22.0
675,8203283023,26242482.0,success,7,2024-09-12 17:15:00,2024-10-12 17:15:00,one month,0.5
676,7976125545,49398979.0,success,1,2024-09-12 17:16:00,2025-09-12 17:16:00,twelve month,6.0
677,2843848429,26913862.0,success,1,2024-09-12 17:17:00,2028-09-12 17:17:00,forty-eight month,25.0
678,9274922399,10579317.0,success,2,2024-09-12 17:18:00,2026-03-12 17:18:00,eighteen month,10.0
679,2843848429,28622981.0,success,4,2024-09-12 17:19:00,2027-09-12 17:19:00,thirty-six month,19.0
680,5920548482,7305205.0,success,7,2024-09-12 17:20:00,2027-03-12 17:20:00,thirty month,16.0
681,1333924038,10846960.0,success,5,2024-09-12 17:21:00,2029-09-12 17:21:00,sixty month,30.0
682,7976125545,40176385.0,success,6,2024-09-12 17:22:00,2025-03-12 17:22:00,six month,3.0
683,5920548482,39241424.0,success,1,2024-09-12 17:23:00,2027-03-12 17:23:00,thirty month,16.0
684,1333924038,27445576.0,success,6,2024-09-12 17:24:00,2025-09-12 17:24:00,twelve month,6.0
685,6303485293,7819838.0,success,10,2024-09-12 17:25:00,2026-09-12 17:25:00,twenty-four month,13.0
686,3052928452,39612384.0,success,8,2024-09-12 17:26:00,2029-03-12 17:26:00,fifty-four month,28.0
687,2843848429,26885065.0,success,8,2024-09-12 17:27:00,2025-03-12 17:27:00,six month,3.0
688,9274922399,20598471.0,success,9,2024-09-12 17:28:00,2026-03-12 17:28:00,eighteen month,10.0
689,2843848429,34180617.0,success,6,2024-09-12 17:29:00,2025-09-12 17:29:00,twelve month,6.0
690,2843848429,42816698.0,success,2,2024-09-12 17:30:00,2024-10-12 17:30:00,one month,0.5
691,3052928452,43370493.0,success,8,2024-09-12 17:31:00,2027-09-12 17:31:00,thirty-six month,19.0
692,5920548482,37829505.0,success,7,2024-09-12 17:32:00,2027-03-12 17:32:00,thirty month,16.0
693,6303485293,44731888.0,success,5,2024-09-12 17:33:00,2027-09-12 17:33:00,thirty-six month,19.0
694,6303485293,22826405.0,success,8,2024-09-12 17:34:00,2027-09-12 17:34:00,thirty-six month,19.0
695,6496913603,17452740.0,success,3,2024-09-12 17:35:00,2026-03-12 17:35:00,eighteen month,10.0
696,5920548482,42813132.0,success,5,2024-09-12 17:36:00,2028-03-12 17:36:00,forty-two month,22.0
697,3960086839,24339066.0,success,6,2024-09-12 17:37:00,2025-09-12 17:37:00,twelve month,6.0
698,6303485293,46771007.0,success,9,2024-09-12 17:38:00,2027-03-12 17:38:00,thirty month,16.0
699,3960086839,43010094.0,success,2,2024-09-12 17:39:00,2029-03-12 17:39:00,fifty-four month,28.0
700,8203283023,21507734.0,success,1,2024-09-12 17:40:00,2028-03-12 17:40:00,forty-two month,22.0
701,3052928452,11665857.0,success,8,2024-09-12 17:41:00,2025-03-12 17:41:00,six month,3.0
702,8203283023,42781220.0,success,8,2024-09-12 17:42:00,2026-09-12 17:42:00,twenty-four month,13.0
703,8203283023,32363842.0,success,10,2024-09-12 17:43:00,2028-09-12 17:43:00,forty-eight month,25.0
704,5920548482,3202924.0,success,5,2024-09-12 17:44:00,2026-09-12 17:44:00,twenty-four month,13.0
705,8203283023,39619907.0,success,2,2024-09-12 17:45:00,2026-03-12 17:45:00,eighteen month,10.0
706,5920548482,41089511.0,success,2,2024-09-12 17:46:00,2026-09-12 17:46:00,twenty-four month,13.0
707,2843848429,1640486.0,success,3,2024-09-12 17:47:00,2024-10-12 17:47:00,one month,0.5
708,8203283023,8196256.0,success,2,2024-09-12 17:48:00,2028-09-12 17:48:00,forty-eight month,25.0
709,1333924038,26414325.0,success,10,2024-09-12 17:49:00,2028-03-12 17:49:00,forty-two month,22.0
710,3052928452,19808926.0,success,10,2024-09-12 17:50:00,2026-09-12 17:50:00,twenty-four month,13.0
711,5920548482,1639446.0,success,8,2024-09-12 17:51:00,2024-10-12 17:51:00,one month,0.5
712,9274922399,29447709.0,success,9,2024-09-12 17:52:00,2028-03-12 17:52:00,forty-two month,22.0
713,1333924038,5238909.0,success,6,2024-09-12 17:53:00,2025-09-12 17:53:00,twelve month,6.0
714,9274922399,19832599.0,success,3,2024-09-12 17:54:00,2029-03-12 17:54:00,fifty-four month,28.0
715,7976125545,22519437.0,success,1,2024-09-12 17:55:00,2025-03-12 17:55:00,six month,3.0
716,7976125545,37269474.0,success,5,2024-09-12 17:56:00,2026-03-12 17:56:00,eighteen month,10.0
717,3052928452,36354468.0,success,10,2024-09-12 17:57:00,2029-09-12 17:57:00,sixty month,30.0
718,8203283023,22876246.0,success,8,2024-09-12 17:58:00,2027-09-12 17:58:00,thirty-six month,19.0
719,6303485293,17643823.0,success,2,2024-09-12 17:59:00,2025-09-12 17:59:00,twelve month,6.0
720,6303485293,47784915.0,success,1,2024-09-12 18:00:00,2027-09-12 18:00:00,thirty-six month,19.0
721,3960086839,34311657.0,success,8,2024-09-12 18:01:00,2027-03-12 18:01:00,thirty month,16.0
722,9274922399,12506076.0,success,8,2024-09-12 18:02:00,2025-03-12 18:02:00,six month,3.0
723,6496913603,13203420.0,success,4,2024-09-12 18:03:00,2029-03-12 18:03:00,fifty-four month,28.0
724,2843848429,26060581.0,success,8,2024-09-12 18:04:00,2025-09-12 18:04:00,twelve month,6.0
725,2843848429,41987343.0,success,3,2024-09-12 18:05:00,2027-09-12 18:05:00,thirty-six month,19.0
726,6303485293,23063689.0,success,7,2024-09-12 18:06:00,2025-09-12 18:06:00,twelve month,6.0
727,3052928452,36423324.0,success,3,2024-09-12 18:07:00,2024-10-12 18:07:00,one month,0.5
728,1333924038,34693360.0,success,7,2024-09-12 18:08:00,2029-09-12 18:08:00,sixty month,30.0
729,3052928452,29133401.0,success,1,2024-09-12 18:09:00,2026-09-12 18:09:00,twenty-four month,13.0
730,9274922399,18437589.0,success,7,2024-09-12 18:10:00,2027-09-12 18:10:00,thirty-six month,19.0
731,7976125545,25763148.0,success,1,2024-09-12 18:11:00,2025-09-12 18:11:00,twelve month,6.0
732,3960086839,12333144.0,success,10,2024-09-12 18:12:00,2029-09-12 18:12:00,sixty month,30.0
733,6496913603,8883676.0,success,4,2024-09-12 18:13:00,2029-09-12 18:13:00,sixty month,30.0
734,2843848429,9028531.0,success,1,2024-09-12 18:14:00,2025-03-12 18:14:00,six month,3.0
735,2843848429,12125511.0,success,8,2024-09-12 18:15:00,2024-10-12 18:15:00,one month,0.5
736,6496913603,1967679.0,success,8,2024-09-12 18:16:00,2027-03-12 18:16:00,thirty month,16.0
737,8203283023,15887892.0,success,3,2024-09-12 18:17:00,2029-03-12 18:17:00,fifty-four month,28.0
738,2843848429,12576555.0,success,6,2024-09-12 18:18:00,2029-03-12 18:18:00,fifty-four month,28.0
739,2843848429,40521454.0,success,7,2024-09-12 18:19:00,2024-10-12 18:19:00,one month,0.5
740,5920548482,31969426.0,success,1,2024-09-12 18:20:00,2029-03-12 18:20:00,fifty-four month,28.0
741,3052928452,20263383.0,success,7,2024-09-12 18:21:00,2024-10-12 18:21:00,one month,0.5
742,2843848429,46581977.0,success,5,2024-09-12 18:22:00,2026-03-12 18:22:00,eighteen month,10.0
743,1333924038,8156640.0,success,8,2024-09-12 18:23:00,2027-09-12 18:23:00,thirty-six month,19.0
744,9274922399,20378574.0,success,4,2024-09-12 18:24:00,2027-09-12 18:24:00,thirty-six month,19.0
745,2843848429,5014879.0,success,5,2024-09-12 18:25:00,2027-09-12 18:25:00,thirty-six month,19.0
746,2843848429,4761446.0,success,6,2024-09-12 18:26:00,2029-09-12 18:26:00,sixty month,30.0
747,9274922399,49841578.0,success,10,2024-09-12 18:27:00,2026-09-12 18:27:00,twenty-four month,13.0
748,2843848429,14696151.0,success,4,2024-09-12 18:28:00,2027-09-12 18:28:00,thirty-six month,19.0
749,9274922399,16976748.0,success,10,2024-09-12 18:29:00,2024-10-12 18:29:00,one month,0.5
750,3960086839,37928268.0,success,10,2024-09-12 18:30:00,2025-09-12 18:30:00,twelve month,6.0
751,2843848429,22732885.0,success,3,2024-09-12 18:31:00,2029-03-12 18:31:00,fifty-four month,28.0
752,1333924038,22387041.0,success,2,2024-09-12 18:32:00,2027-09-12 18:32:00,thirty-six month,19.0
753,5920548482,38489241.0,success,5,2024-09-12 18:33:00,2029-03-12 18:33:00,fifty-four month,28.0
754,3960086839,5367858.0,success,9,2024-09-12 18:34:00,2028-09-12 18:34:00,forty-eight month,25.0
755,1333924038,7005336.0,success,5,2024-09-12 18:35:00,2029-03-12 18:35:00,fifty-four month,28.0
756,9274922399,4494085.0,success,9,2024-09-12 18:36:00,2027-09-12 18:36:00,thirty-six month,19.0
757,2843848429,7691074.0,success,7,2024-09-12 18:37:00,2026-09-12 18:37:00,twenty-four month,13.0
758,2843848429,19027598.0,success,6,2024-09-12 18:38:00,2024-10-12 18:38:00,one month,0.5
759,8203283023,44325345.0,success,5,2024-09-12 18:39:00,2028-03-12 18:39:00,forty-two month,22.0
760,2843848429,45104738.0,success,1,2024-09-12 18:40:00,2024-10-12 18:40:00,one month,0.5
761,3052928452,47910140.0,success,4,2024-09-12 18:41:00,2024-10-12 18:41:00,one month,0.5
762,9274922399,1098596.0,success,7,2024-09-12 18:42:00,2029-03-12 18:42:00,fifty-four month,28.0
763,7976125545,31889037.0,success,1,2024-09-12 18:43:00,2027-03-12 18:43:00,thirty month,16.0
764,5920548482,42214599.0,success,7,2024-09-12 18:44:00,2026-03-12 18:44:00,eighteen month,10.0
765,5920548482,16753249.0,success,2,2024-09-12 18:45:00,2027-03-12 18:45:00,thirty month,16.0
766,8203283023,18116521.0,success,5,2024-09-12 18:46:00,2026-03-12 18:46:00,eighteen month,10.0
767,6303485293,3296327.0,success,9,2024-09-12 18:47:00,2025-03-12 18:47:00,six month,3.0
768,6496913603,12835403.0,success,9,2024-09-12 18:48:00,2024-10-12 18:48:00,one month,0.5
769,5920548482,34081684.0,success,8,2024-09-12 18:49:00,2025-09-12 18:49:00,twelve month,6.0
770,5920548482,30115174.0,success,8,2024-09-12 18:50:00,2029-03-12 18:50:00,fifty-four month,28.0
771,2843848429,24656277.0,success,1,2024-09-12 18:51:00,2027-03-12 18:51:00,thirty month,16.0
772,2843848429,29853160.0,success,2,2024-09-12 18:52:00,2028-03-12 18:52:00,forty-two month,22.0
773,2843848429,11388354.0,success,9,2024-09-12 18:53:00,2025-03-12 18:53:00,six month,3.0
774,7976125545,26805782.0,success,3,2024-09-12 18:54:00,2029-03-12 18:54:00,fifty-four month,28.0
775,8203283023,39504570.0,success,3,2024-09-12 18:55:00,2028-09-12 18:55:00,forty-eight month,25.0
776,3960086839,13394788.0,success,9,2024-09-12 18:56:00,2026-03-12 18:56:00,eighteen month,10.0
777,2843848429,22353074.0,success,1,2024-09-12 18:57:00,2028-09-12 18:57:00,forty-eight month,25.0
778,8203283023,26756188.0,success,9,2024-09-12 18:58:00,2029-09-12 18:58:00,sixty month,30.0
779,6303485293,37889591.0,success,8,2024-09-12 18:59:00,2029-03-12 18:59:00,fifty-four month,28.0
780,3960086839,7803522.0,success,6,2024-09-12 19:00:00,2024-10-12 19:00:00,one month,0.5
781,7976125545,27059166.0,success,2,2024-09-12 19:01:00,2026-03-12 19:01:00,eighteen month,10.0
782,6496913603,48979980.0,success,2,2024-09-12 19:02:00,2028-09-12 19:02:00,forty-eight month,25.0
783,6496913603,28862189.0,success,4,2024-09-12 19:03:00,2025-09-12 19:03:00,twelve month,6.0
784,5920548482,21467973.0,success,1,2024-09-12 19:04:00,2024-10-12 19:04:00,one month,0.5
785,5920548482,21731472.0,success,6,2024-09-12 19:05:00,2026-09-12 19:05:00,twenty-four month,13.0
786,2843848429,3341819.0,success,7,2024-09-12 19:06:00,2029-09-12 19:06:00,sixty month,30.0
787,5920548482,17209115.0,success,6,2024-09-12 19:07:00,2025-03-12 19:07:00,six month,3.0
788,1333924038,15626792.0,success,1,2024-09-12 19:08:00,2027-03-12 19:08:00,thirty month,16.0
789,2843848429,36963829.0,success,1,2024-09-12 19:09:00,2025-03-12 19:09:00,six month,3.0
790,8203283023,20764414.0,success,5,2024-09-12 19:10:00,2026-03-12 19:10:00,eighteen month,10.0
791,7976125545,20047731.0,success,8,2024-09-12 19:11:00,2028-03-12 19:11:00,forty-two month,22.0
792,1333924038,39245194.0,success,9,2024-09-12 19:12:00,2026-09-12 19:12:00,twenty-four month,13.0
793,1333924038,11497525.0,success,9,2024-09-12 19:13:00,2026-09-12 19:13:00,twenty-four month,13.0
794,6303485293,39017765.0,success,5,2024-09-12 19:14:00,2028-09-12 19:14:00,forty-eight month,25.0
795,2843848429,39378027.0,success,3,2024-09-12 19:15:00,2028-09-12 19:15:00,forty-eight month,25.0
796,3960086839,31880560.0,success,4,2024-09-12 19:16:00,2028-09-12 19:16:00,forty-eight month,25.0
797,3052928452,11941426.0,success,9,2024-09-12 19:17:00,2029-03-12 19:17:00,fifty-four month,28.0
798,8203283023,20635450.0,success,2,2024-09-12 19:18:00,2029-03-12 19:18:00,fifty-four month,28.0
799,6496913603,38645179.0,success,10,2024-09-12 19:19:00,2025-09-12 19:19:00,twelve month,6.0
800,6303485293,26496379.0,success,4,2024-09-12 19:20:00,2025-03-12 19:20:00,six month,3.0
801,1333924038,49939057.0,success,3,2024-09-12 19:21:00,2027-09-12 19:21:00,thirty-six month,19.0
802,7976125545,42436591.0,success,10,2024-09-12 19:22:00,2025-03-12 19:22:00,six month,3.0
803,6496913603,13190966.0,success,6,2024-09-12 19:23:00,2027-03-12 19:23:00,thirty month,16.0
804,6303485293,14990745.0,success,7,2024-09-12 19:24:00,2026-03-12 19:24:00,eighteen month,10.0
805,6496913603,2000001.0,success,3,2024-09-12 19:25:00,2026-09-12 19:25:00,twenty-four month,13.0
806,7976125545,15114198.0,success,3,2024-09-12 19:26:00,2029-09-12 19:26:00,sixty month,30.0
807,3052928452,19196025.0,success,4,2024-09-12 19:27:00,2028-03-12 19:27:00,forty-two month,22.0
808,2843848429,45814541.0,success,3,2024-09-12 19:28:00,2026-03-12 19:28:00,eighteen month,10.0
809,3960086839,30255687.0,success,8,2024-09-12 19:29:00,2026-09-12 19:29:00,twenty-four month,13.0
810,3960086839,41010982.0,success,10,2024-09-12 19:30:00,2028-09-12 19:30:00,forty-eight month,25.0
811,6303485293,38354002.0,success,3,2024-09-12 19:31:00,2029-03-12 19:31:00,fifty-four month,28.0
812,1333924038,23196068.0,success,1,2024-09-12 19:32:00,2026-09-12 19:32:00,twenty-four month,13.0
813,1333924038,1745289.0,success,5,2024-09-12 19:33:00,2026-03-12 19:33:00,eighteen month,10.0
814,2843848429,44033898.0,success,1,2024-09-12 19:34:00,2028-03-12 19:34:00,forty-two month,22.0
815,1333924038,16785003.0,success,7,2024-09-12 19:35:00,2029-09-12 19:35:00,sixty month,30.0
816,9274922399,4107495.0,success,4,2024-09-12 19:36:00,2029-09-12 19:36:00,sixty month,30.0
817,3960086839,26176089.0,success,7,2024-09-12 19:37:00,2025-09-12 19:37:00,twelve month,6.0
818,9274922399,7994584.0,success,7,2024-09-12 19:38:00,2029-09-12 19:38:00,sixty month,30.0
819,8203283023,13038653.0,success,4,2024-09-12 19:39:00,2025-09-12 19:39:00,twelve month,6.0
820,3960086839,25009288.0,success,5,2024-09-12 19:40:00,2029-03-12 19:40:00,fifty-four month,28.0
821,3052928452,27896342.0,success,9,2024-09-12 19:41:00,2027-03-12 19:41:00,thirty month,16.0
822,6303485293,25195860.0,success,4,2024-09-12 19:42:00,2026-03-12 19:42:00,eighteen month,10.0
823,1333924038,2356789.0,success,8,2024-09-12 19:43:00,2028-09-12 19:43:00,forty-eight month,25.0
824,7976125545,10885195.0,success,2,2024-09-12 19:44:00,2029-03-12 19:44:00,fifty-four month,28.0
825,6496913603,11811866.0,success,2,2024-09-12 19:45:00,2029-03-12 19:45:00,fifty-four month,28.0
826,3052928452,11533999.0,success,1,2024-09-12 19:46:00,2029-09-12 19:46:00,sixty month,30.0
827,8203283023,38403113.0,success,5,2024-09-12 19:47:00,2027-03-12 19:47:00,thirty month,16.0
828,2843848429,1695336.0,success,8,2024-09-12 19:48:00,2026-09-12 19:48:00,twenty-four month,13.0
829,6303485293,19900626.0,success,1,2024-09-12 19:49:00,2029-09-12 19:49:00,sixty month,30.0
830,3052928452,18547090.0,success,3,2024-09-12 19:50:00,2026-03-12 19:50:00,eighteen month,10.0
831,7976125545,9081445.0,success,9,2024-09-12 19:51:00,2025-09-12 19:51:00,twelve month,6.0
832,9274922399,26079207.0,success,4,2024-09-12 19:52:00,2026-09-12 19:52:00,twenty-four month,13.0
833,6496913603,38485430.0,success,9,2024-09-12 19:53:00,2025-09-12 19:53:00,twelve month,6.0
834,2843848429,46949211.0,success,10,2024-09-12 19:54:00,2029-03-12 19:54:00,fifty-four month,28.0
835,3960086839,4934465.0,success,7,2024-09-12 19:55:00,2029-03-12 19:55:00,fifty-four month,28.0
836,7976125545,19384793.0,success,5,2024-09-12 19:56:00,2027-03-12 19:56:00,thirty month,16.0
837,3052928452,37480935.0,success,4,2024-09-12 19:57:00,2029-03-12 19:57:00,fifty-four month,28.0
838,3960086839,48158517.0,success,4,2024-09-12 19:58:00,2024-10-12 19:58:00,one month,0.5
839,8203283023,25975779.0,success,7,2024-09-12 19:59:00,2024-10-12 19:59:00,one month,0.5
840,8203283023,40630176.0,success,5,2024-09-12 20:00:00,2028-03-12 20:00:00,forty-two month,22.0
841,5920548482,8551158.0,success,6,2024-09-12 20:01:00,2026-03-12 20:01:00,eighteen month,10.0
842,1333924038,24209748.0,success,9,2024-09-12 20:02:00,2024-10-12 20:02:00,one month,0.5
843,8203283023,23577901.0,success,2,2024-09-12 20:03:00,2028-03-12 20:03:00,forty-two month,22.0
844,1333924038,25160996.0,success,6,2024-09-12 20:04:00,2025-03-12 20:04:00,six month,3.0
845,3960086839,10505126.0,success,1,2024-09-12 20:05:00,2024-10-12 20:05:00,one month,0.5
846,5920548482,7041973.0,success,1,2024-09-12 20:06:00,2027-03-12 20:06:00,thirty month,16.0
847,3052928452,29481922.0,success,10,2024-09-12 20:07:00,2027-09-12 20:07:00,thirty-six month,19.0
848,2843848429,36735116.0,success,3,2024-09-12 20:08:00,2029-09-12 20:08:00,sixty month,30.0
849,5920548482,49684984.0,success,1,2024-09-12 20:09:00,2028-03-12 20:09:00,forty-two month,22.0
850,6303485293,20069319.0,success,8,2024-09-12 20:10:00,2028-09-12 20:10:00,forty-eight month,25.0
851,6496913603,22222659.0,success,6,2024-09-12 20:11:00,2028-09-12 20:11:00,forty-eight month,25.0
852,9274922399,10173096.0,success,10,2024-09-12 20:12:00,2025-09-12 20:12:00,twelve month,6.0
853,9274922399,13119850.0,success,8,2024-09-12 20:13:00,2025-09-12 20:13:00,twelve month,6.0
854,3960086839,24570508.0,success,10,2024-09-12 20:14:00,2027-09-12 20:14:00,thirty-six month,19.0
855,8203283023,42120536.0,success,7,2024-09-12 20:15:00,2029-09-12 20:15:00,sixty month,30.0
856,5920548482,4289256.0,success,5,2024-09-12 20:16:00,2024-10-12 20:16:00,one month,0.5
857,6303485293,33075073.0,success,1,2024-09-12 20:17:00,2029-09-12 20:17:00,sixty month,30.0
858,1333924038,1980388.0,success,4,2024-09-12 20:18:00,2026-09-12 20:18:00,twenty-four month,13.0
859,9274922399,13542962.0,success,8,2024-09-12 20:19:00,2025-09-12 20:19:00,twelve month,6.0
860,5920548482,44557212.0,success,3,2024-09-12 20:20:00,2026-03-12 20:20:00,eighteen month,10.0
861,3052928452,20903750.0,success,9,2024-09-12 20:21:00,2027-09-12 20:21:00,thirty-six month,19.0
862,6303485293,39367696.0,success,6,2024-09-12 20:22:00,2027-09-12 20:22:00,thirty-six month,19.0
863,7976125545,24534272.0,success,5,2024-09-12 20:23:00,2025-09-12 20:23:00,twelve month,6.0
864,3960086839,49109459.0,success,4,2024-09-12 20:24:00,2029-09-12 20:24:00,sixty month,30.0
865,7976125545,7683199.0,success,7,2024-09-12 20:25:00,2028-09-12 20:25:00,forty-eight month,25.0
866,9274922399,14399031.0,success,2,2024-09-12 20:26:00,2027-03-12 20:26:00,thirty month,16.0
867,9274922399,10934323.0,success,2,2024-09-12 20:27:00,2027-03-12 20:27:00,thirty month,16.0
868,8203283023,29265369.0,success,8,2024-09-12 20:28:00,2025-09-12 20:28:00,twelve month,6.0
869,3960086839,42782471.0,success,5,2024-09-12 20:29:00,2028-09-12 20:29:00,forty-eight month,25.0
870,8203283023,7458136.0,success,9,2024-09-12 20:30:00,2027-03-12 20:30:00,thirty month,16.0
871,2843848429,25819778.0,success,8,2024-09-12 20:31:00,2025-03-12 20:31:00,six month,3.0
872,8203283023,10269959.0,success,1,2024-09-12 20:32:00,2026-03-12 20:32:00,eighteen month,10.0
873,9274922399,34237956.0,success,10,2024-09-12 20:33:00,2026-09-12 20:33:00,twenty-four month,13.0
874,7976125545,31857801.0,success,10,2024-09-12 20:34:00,2029-03-12 20:34:00,fifty-four month,28.0
875,3960086839,5661234.0,success,2,2024-09-12 20:35:00,2025-03-12 20:35:00,six month,3.0
876,8203283023,4257885.0,success,1,2024-09-12 20:36:00,2027-09-12 20:36:00,thirty-six month,19.0
877,3960086839,25327641.0,success,9,2024-09-12 20:37:00,2026-03-12 20:37:00,eighteen month,10.0
878,6303485293,30573623.0,success,9,2024-09-12 20:38:00,2024-10-12 20:38:00,one month,0.5
879,3052928452,20689896.0,success,6,2024-09-12 20:39:00,2028-09-12 20:39:00,forty-eight month,25.0
880,7976125545,48652165.0,success,2,2024-09-12 20:40:00,2028-03-12 20:40:00,forty-two month,22.0
881,2843848429,12661640.0,success,7,2024-09-12 20:41:00,2024-10-12 20:41:00,one month,0.5
882,8203283023,10670365.0,success,7,2024-09-12 20:42:00,2029-03-12 20:42:00,fifty-four month,28.0
883,8203283023,11482882.0,success,3,2024-09-12 20:43:00,2028-03-12 20:43:00,forty-two month,22.0
884,1333924038,39871280.0,success,4,2024-09-12 20:44:00,2029-09-12 20:44:00,sixty month,30.0
885,3960086839,2997044.0,success,8,2024-09-12 20:45:00,2026-09-12 20:45:00,twenty-four month,13.0
886,6496913603,32502963.0,success,1,2024-09-12 20:46:00,2027-09-12 20:46:00,thirty-six month,19.0
887,3052928452,48497169.0,success,7,2024-09-12 20:47:00,2026-09-12 20:47:00,twenty-four month,13.0
888,3052928452,48599226.0,success,3,2024-09-12 20:48:00,2028-03-12 20:48:00,forty-two month,22.0
889,2843848429,42901581.0,success,10,2024-09-12 20:49:00,2028-03-12 20:49:00,forty-two month,22.0
890,8203283023,19489386.0,success,7,2024-09-12 20:50:00,2025-09-12 20:50:00,twelve month,6.0
891,6303485293,9929733.0,success,4,2024-09-12 20:51:00,2028-09-12 20:51:00,forty-eight month,25.0
892,6303485293,9288604.0,success,6,2024-09-12 20:52:00,2029-03-12 20:52:00,fifty-four month,28.0
893,9274922399,20591338.0,success,4,2024-09-12 20:53:00,2026-09-12 20:53:00,twenty-four month,13.0
894,1333924038,8408250.0,success,8,2024-09-12 20:54:00,2028-09-12 20:54:00,forty-eight month,25.0
895,9274922399,4239765.0,success,2,2024-09-12 20:55:00,2029-03-12 20:55:00,fifty-four month,28.0
896,6303485293,49307507.0,success,1,2024-09-12 20:56:00,2025-03-12 20:56:00,six month,3.0
897,3960086839,13554754.0,success,5,2024-09-12 20:57:00,2026-03-12 20:57:00,eighteen month,10.0
898,6303485293,4315829.0,success,9,2024-09-12 20:58:00,2026-03-12 20:58:00,eighteen month,10.0
899,8203283023,26602876.0,success,4,2024-09-12 20:59:00,2028-03-12 20:59:00,forty-two month,22.0
900,6303485293,42812871.0,success,10,2024-09-12 21:00:00,2029-09-12 21:00:00,sixty month,30.0
901,3052928452,22277750.0,success,8,2024-09-12 21:01:00,2028-09-12 21:01:00,forty-eight month,25.0
902,7976125545,35583177.0,success,2,2024-09-12 21:02:00,2024-10-12 21:02:00,one month,0.5
903,3052928452,3230069.0,success,10,2024-09-12 21:03:00,2027-09-12 21:03:00,thirty-six month,19.0
904,6303485293,12422764.0,success,3,2024-09-12 21:04:00,2028-09-12 21:04:00,forty-eight month,25.0
905,7976125545,34845730.0,success,2,2024-09-12 21:05:00,2025-09-12 21:05:00,twelve month,6.0
906,9274922399,44731152.0,success,9,2024-09-12 21:06:00,2027-09-12 21:06:00,thirty-six month,19.0
907,3052928452,29434038.0,success,1,2024-09-12 21:07:00,2029-09-12 21:07:00,sixty month,30.0
908,3960086839,14845284.0,success,4,2024-09-12 21:08:00,2026-03-12 21:08:00,eighteen month,10.0
909,1333924038,19224102.0,success,9,2024-09-12 21:09:00,2027-09-12 21:09:00,thirty-six month,19.0
910,9274922399,3799063.0,success,9,2024-09-12 21:10:00,2027-03-12 21:10:00,thirty month,16.0
911,3052928452,44975353.0,success,8,2024-09-12 21:11:00,2027-09-12 21:11:00,thirty-six month,19.0
912,6303485293,24112807.0,success,5,2024-09-12 21:12:00,2027-03-12 21:12:00,thirty month,16.0
913,8203283023,7914880.0,success,4,2024-09-12 21:13:00,2027-09-12 21:13:00,thirty-six month,19.0
914,1333924038,6931143.0,success,6,2024-09-12 21:14:00,2029-03-12 21:14:00,fifty-four month,28.0
915,2843848429,47108688.0,success,10,2024-09-12 21:15:00,2027-09-12 21:15:00,thirty-six month,19.0
916,6303485293,26142665.0,success,5,2024-09-12 21:16:00,2024-10-12 21:16:00,one month,0.5
917,6496913603,30580352.0,success,9,2024-09-12 21:17:00,2024-10-12 21:17:00,one month,0.5
918,6496913603,10025250.0,success,3,2024-09-12 21:18:00,2028-09-12 21:18:00,forty-eight month,25.0
919,3960086839,8635785.0,success,10,2024-09-12 21:19:00,2028-09-12 21:19:00,forty-eight month,25.0
920,3052928452,43870227.0,success,3,2024-09-12 21:20:00,2029-03-12 21:20:00,fifty-four month,28.0
921,8203283023,16299392.0,success,10,2024-09-12 21:21:00,2029-03-12 21:21:00,fifty-four month,28.0
922,5920548482,34163544.0,success,10,2024-09-12 21:22:00,2027-03-12 21:22:00,thirty month,16.0
923,9274922399,30766205.0,success,6,2024-09-12 21:23:00,2024-10-12 21:23:00,one month,0.5
924,6496913603,1041643.0,success,1,2024-09-12 21:24:00,2026-03-12 21:24:00,eighteen month,10.0
925,9274922399,15469349.0,success,3,2024-09-12 21:25:00,2027-03-12 21:25:00,thirty month,16.0
926,6303485293,41792741.0,success,1,2024-09-12 21:26:00,2026-03-12 21:26:00,eighteen month,10.0
927,6303485293,16060181.0,success,3,2024-09-12 21:27:00,2029-03-12 21:27:00,fifty-four month,28.0
928,8203283023,5395637.0,success,6,2024-09-12 21:28:00,2029-03-12 21:28:00,fifty-four month,28.0
929,6496913603,49882704.0,success,1,2024-09-12 21:29:00,2029-03-12 21:29:00,fifty-four month,28.0
930,2843848429,25095412.0,success,7,2024-09-12 21:30:00,2029-09-12 21:30:00,sixty month,30.0
931,9274922399,22594247.0,success,3,2024-09-12 21:31:00,2025-03-12 21:31:00,six month,3.0
932,3052928452,10559469.0,success,5,2024-09-12 21:32:00,2024-10-12 21:32:00,one month,0.5
933,6496913603,47905228.0,success,5,2024-09-12 21:33:00,2025-03-12 21:33:00,six month,3.0
934,1333924038,21124532.0,success,8,2024-09-12 21:34:00,2027-03-12 21:34:00,thirty month,16.0
935,3960086839,5860030.0,success,2,2024-09-12 21:35:00,2027-09-12 21:35:00,thirty-six month,19.0
936,1333924038,49083383.0,success,3,2024-09-12 21:36:00,2027-09-12 21:36:00,thirty-six month,19.0
937,3052928452,6074145.0,success,2,2024-09-12 21:37:00,2025-09-12 21:37:00,twelve month,6.0
938,1333924038,19434809.0,success,1,2024-09-12 21:38:00,2026-09-12 21:38:00,twenty-four month,13.0
939,3052928452,30086054.0,success,5,2024-09-12 21:39:00,2026-03-12 21:39:00,eighteen month,10.0
940,7976125545,13747431.0,success,8,2024-09-12 21:40:00,2026-03-12 21:40:00,eighteen month,10.0
941,5920548482,45764998.0,success,8,2024-09-12 21:41:00,2028-03-12 21:41:00,forty-two month,22.0
942,7976125545,26791816.0,success,2,2024-09-12 21:42:00,2028-09-12 21:42:00,forty-eight month,25.0
943,1333924038,17867014.0,success,5,2024-09-12 21:43:00,2028-09-12 21:43:00,forty-eight month,25.0
944,9274922399,13178398.0,success,5,2024-09-12 21:44:00,2025-09-12 21:44:00,twelve month,6.0
945,6303485293,48487369.0,success,3,2024-09-12 21:45:00,2025-03-12 21:45:00,six month,3.0
946,6303485293,11139070.0,success,1,2024-09-12 21:46:00,2025-03-12 21:46:00,six month,3.0
947,3960086839,19061804.0,success,6,2024-09-12 21:47:00,2024-10-12 21:47:00,one month,0.5
948,1333924038,24863676.0,success,2,2024-09-12 21:48:00,2026-09-12 21:48:00,twenty-four month,13.0
949,6496913603,49593540.0,success,10,2024-09-12 21:49:00,2024-10-12 21:49:00,one month,0.5
950,7976125545,23363191.0,success,6,2024-09-12 21:50:00,2025-09-12 21:50:00,twelve month,6.0
951,9274922399,9439218.0,success,4,2024-09-12 21:51:00,2029-03-12 21:51:00,fifty-four month,28.0
952,3052928452,46928316.0,success,1,2024-09-12 21:52:00,2025-09-12 21:52:00,twelve month,6.0
953,5920548482,34961940.0,success,9,2024-09-12 21:53:00,2024-10-12 21:53:00,one month,0.5
954,3960086839,49102004.0,success,6,2024-09-12 21:54:00,2026-03-12 21:54:00,eighteen month,10.0
955,9274922399,3900102.0,success,2,2024-09-12 21:55:00,2026-09-12 21:55:00,twenty-four month,13.0
956,3052928452,36511090.0,success,6,2024-09-12 21:56:00,2029-09-12 21:56:00,sixty month,30.0
957,1333924038,22917284.0,success,7,2024-09-12 21:57:00,2024-10-12 21:57:00,one month,0.5
958,3960086839,47661876.0,success,6,2024-09-12 21:58:00,2025-09-12 21:58:00,twelve month,6.0
959,1333924038,32105343.0,success,4,2024-09-12 21:59:00,2026-09-12 21:59:00,twenty-four month,13.0
960,3052928452,31195630.0,success,4,2024-09-12 22:00:00,2027-03-12 22:00:00,thirty month,16.0
961,3052928452,4208646.0,success,8,2024-09-12 22:01:00,2029-09-12 22:01:00,sixty month,30.0
962,2843848429,34886399.0,success,10,2024-09-12 22:02:00,2025-03-12 22:02:00,six month,3.0
963,2843848429,37167640.0,success,7,2024-09-12 22:03:00,2026-09-12 22:03:00,twenty-four month,13.0
964,6303485293,4827188.0,success,8,2024-09-12 22:04:00,2026-03-12 22:04:00,eighteen month,10.0
965,6496913603,22916525.0,success,5,2024-09-12 22:05:00,2028-03-12 22:05:00,forty-two month,22.0
966,3052928452,16210951.0,success,3,2024-09-12 22:06:00,2025-09-12 22:06:00,twelve month,6.0
967,5920548482,29750615.0,success,5,2024-09-12 22:07:00,2026-09-12 22:07:00,twenty-four month,13.0
968,6496913603,21738414.0,success,5,2024-09-12 22:08:00,2025-03-12 22:08:00,six month,3.0
969,1333924038,36380484.0,success,7,2024-09-12 22:09:00,2025-03-12 22:09:00,six month,3.0
970,1333924038,45683958.0,success,5,2024-09-12 22:10:00,2025-09-12 22:10:00,twelve month,6.0
971,6303485293,6362016.0,success,9,2024-09-12 22:11:00,2027-03-12 22:11:00,thirty month,16.0
972,5920548482,29236866.0,success,9,2024-09-12 22:12:00,2029-03-12 22:12:00,fifty-four month,28.0
973,8203283023,7658363.0,success,9,2024-09-12 22:13:00,2025-09-12 22:13:00,twelve month,6.0
974,3960086839,18450452.0,success,3,2024-09-12 22:14:00,2025-09-12 22:14:00,twelve month,6.0
975,9274922399,27947657.0,success,1,2024-09-12 22:15:00,2026-03-12 22:15:00,eighteen month,10.0
976,6303485293,49570895.0,success,10,2024-09-12 22:16:00,2028-09-12 22:16:00,forty-eight month,25.0
977,5920548482,35694049.0,success,3,2024-09-12 22:17:00,2024-10-12 22:17:00,one month,0.5
978,2843848429,2530391.0,success,4,2024-09-12 22:18:00,2027-03-12 22:18:00,thirty month,16.0
979,9274922399,34598953.0,success,9,2024-09-12 22:19:00,2025-03-12 22:19:00,six month,3.0
980,1333924038,10997327.0,success,7,2024-09-12 22:20:00,2026-03-12 22:20:00,eighteen month,10.0
981,7976125545,18776613.0,success,6,2024-09-12 22:21:00,2028-09-12 22:21:00,forty-eight month,25.0
982,3052928452,2411487.0,success,1,2024-09-12 22:22:00,2025-09-12 22:22:00,twelve month,6.0
983,3052928452,32452034.0,success,7,2024-09-12 22:23:00,2029-09-12 22:23:00,sixty month,30.0
984,8203283023,25892523.0,success,8,2024-09-12 22:24:00,2026-09-12 22:24:00,twenty-four month,13.0
985,1333924038,40039625.0,success,1,2024-09-12 22:25:00,2026-09-12 22:25:00,twenty-four month,13.0
986,3052928452,33157606.0,success,2,2024-09-12 22:26:00,2026-09-12 22:26:00,twenty-four month,13.0
987,5920548482,3370859.0,success,6,2024-09-12 22:27:00,2027-09-12 22:27:00,thirty-six month,19.0
988,9274922399,4629357.0,success,2,2024-09-12 22:28:00,2025-09-12 22:28:00,twelve month,6.0
989,8203283023,7595721.0,success,4,2024-09-12 22:29:00,2029-09-12 22:29:00,sixty month,30.0
990,1333924038,1958536.0,success,7,2024-09-12 22:30:00,2029-09-12 22:30:00,sixty month,30.0
991,7976125545,34705540.0,success,8,2024-09-12 22:31:00,2026-09-12 22:31:00,twenty-four month,13.0
992,9274922399,36751480.0,success,7,2024-09-12 22:32:00,2025-03-12 22:32:00,six month,3.0
993,7976125545,9949870.0,success,2,2024-09-12 22:33:00,2028-09-12 22:33:00,forty-eight month,25.0
994,3052928452,30942347.0,success,3,2024-09-12 22:34:00,2029-03-12 22:34:00,fifty-four month,28.0
995,5920548482,25915230.0,success,9,2024-09-12 22:35:00,2026-03-12 22:35:00,eighteen month,10.0
996,9274922399,2151917.0,success,2,2024-09-12 22:36:00,2025-09-12 22:36:00,twelve month,6.0
997,1333924038,15878429.0,success,3,2024-09-12 22:37:00,2026-03-12 22:37:00,eighteen month,10.0
998,7976125545,46997608.0,success,3,2024-09-12 22:38:00,2025-09-12 22:38:00,twelve month,6.0
999,1333924038,27475096.0,success,8,2024-09-12 22:39:00,2028-03-12 22:39:00,forty-two month,22.0
1000,1333924038,25667868.0,success,9,2024-09-12 22:40:00,2027-09-12 22:40:00,thirty-six month,19.0
