amount,method,surplus,type,year,month,day,hour,minute,isFraud
40297619.0,Credit Card,32858073.0,mua nhà,2024,11,23,15,2,0
1091485.0,Credit Card,13747389.0,thanh toán hóa đơn,2023,4,4,10,14,0
5005293.0,Debit Card,13545160.0,mua cổ phiếu,2023,12,10,21,50,0
8537869.0,Wire Transfer,36265517.0,mua sắm,2024,10,27,9,17,1
24093031.0,ATM Card,355742.0,thanh toán hóa đơn,2023,7,3,4,53,0
15978256.0,Credit Card,16398743.0,thanh toán lương,2024,8,14,20,34,0
9543520.0,Credit Card,14311616.0,đóng bảo hiểm,2023,10,29,11,51,0
2479336.0,Credit Card,37780979.0,từ thiện,2023,5,22,4,5,0
33755005.0,Wire Transfer,25755665.0,từ thiện,2023,2,6,6,53,0
17727619.0,ATM Card,25477456.0,thanh toán hóa đơn,2024,10,8,17,17,1
1930293.0,Wire Transfer,7395981.0,đóng bảo hiểm,2023,7,23,9,37,0
33019017.0,ATM Card,8144491.0,du lịch,2023,6,16,12,45,0
32574557.0,Wire Transfer,22542282.0,du lịch,2024,9,24,15,25,0
40607113.0,ATM Card,3354444.0,trả nợ,2024,4,4,10,32,0
34365350.0,Debit Card,25593600.0,thanh toán học phí,2024,1,11,19,47,0
43158693.0,Wire Transfer,44364007.0,trả nợ,2024,7,4,13,10,0
19938124.0,Credit Card,3343487.0,đóng bảo hiểm,2024,1,5,9,49,0
41405063.0,Debit Card,11273159.0,mua nhà,2024,7,9,8,39,1
16261816.0,Wire Transfer,13565351.0,mua nhà,2023,1,14,19,42,1
16783925.0,Credit Card,12420844.0,thanh toán hóa đơn,2024,1,25,3,19,0
38615399.0,Credit Card,36356880.0,mua cổ phiếu,2023,11,16,9,23,0
32477562.0,Credit Card,44222305.0,thanh toán hóa đơn,2024,3,6,16,3,0
41030819.0,ATM Card,22038423.0,mua cổ phiếu,2023,2,21,2,38,0
19342928.0,Credit Card,24067684.0,mua cổ phiếu,2024,7,13,12,12,0
7197032.0,Debit Card,27103686.0,đóng bảo hiểm,2023,7,14,20,16,0
26692670.0,Debit Card,45891784.0,mua nhà,2024,9,2,19,22,0
26571028.0,ATM Card,19536753.0,du lịch,2023,4,25,8,11,0
20170244.0,ATM Card,27098180.0,trả nợ,2024,6,1,3,2,0
44205997.0,Debit Card,5877458.0,đóng bảo hiểm,2023,3,20,18,43,0
42987100.0,Wire Transfer,16921352.0,mua nhà,2023,2,29,15,34,0
20986206.0,Debit Card,49109185.0,du lịch,2023,11,20,13,22,0
41936826.0,ATM Card,36843904.0,trả nợ,2024,3,16,15,57,0
20254823.0,Debit Card,37513673.0,mua nhà,2023,10,5,2,13,0
12638774.0,Debit Card,23102154.0,du lịch,2024,6,19,18,49,0
19973966.0,Credit Card,32588753.0,thanh toán lương,2023,10,23,22,57,0
6662603.0,Wire Transfer,11735308.0,mua cổ phiếu,2024,4,22,6,34,0
29809716.0,Credit Card,12114185.0,mua nhà,2023,10,29,0,24,0
32606459.0,ATM Card,21438931.0,mua cổ phiếu,2023,10,11,0,36,0
11347489.0,ATM Card,30492035.0,du lịch,2024,4,6,13,8,1
41474207.0,ATM Card,38479290.0,du lịch,2024,5,21,5,49,0
43633069.0,Wire Transfer,6396635.0,trả nợ,2024,11,22,3,32,0
32536283.0,Debit Card,26387388.0,từ thiện,2024,3,7,19,3,0
24028163.0,ATM Card,25168192.0,mua sắm,2024,4,19,8,45,0
47512668.0,Debit Card,21168155.0,mua cổ phiếu,2023,5,6,17,2,0
28901595.0,ATM Card,39832245.0,mua nhà,2024,4,22,12,37,0
44289518.0,Wire Transfer,47524372.0,mua sắm,2023,11,19,1,24,0
49220011.0,Credit Card,45668871.0,du lịch,2024,8,23,21,30,0
14650727.0,ATM Card,14817436.0,thanh toán lương,2024,6,24,18,36,0
4073969.0,ATM Card,238228.0,mua nhà,2024,10,26,4,12,0
21662040.0,Debit Card,2743477.0,mua nhà,2023,1,4,19,8,0
38815010.0,Credit Card,32170531.0,từ thiện,2024,9,2,10,31,1
23912928.0,Credit Card,28982603.0,trả nợ,2024,11,13,13,11,0
16292520.0,Wire Transfer,33074177.0,mua nhà,2024,6,22,15,15,0
19945423.0,Debit Card,47862787.0,từ thiện,2024,2,29,1,36,0
16922938.0,Debit Card,47632855.0,thanh toán học phí,2023,12,3,9,38,0
46784941.0,Wire Transfer,1730936.0,đóng bảo hiểm,2023,3,10,7,39,0
20799378.0,Wire Transfer,48428849.0,du lịch,2024,4,20,19,44,0
28073584.0,Debit Card,40136915.0,mua cổ phiếu,2024,4,10,8,21,0
20993778.0,Debit Card,13821258.0,mua nhà,2024,2,9,21,15,1
7081389.0,Credit Card,2869462.0,thanh toán học phí,2024,1,17,8,6,0
33650975.0,Wire Transfer,34610840.0,thanh toán lương,2024,3,2,4,40,0
49262346.0,ATM Card,4286013.0,đóng bảo hiểm,2024,2,29,12,24,0
45213648.0,ATM Card,22391621.0,từ thiện,2024,9,20,6,20,1
1741484.0,Wire Transfer,37658580.0,du lịch,2023,11,24,18,21,0
20092163.0,ATM Card,49584233.0,du lịch,2024,12,10,5,41,0
20949808.0,Debit Card,12299358.0,mua nhà,2024,3,8,15,48,0
38415375.0,ATM Card,273156.0,từ thiện,2024,11,13,17,23,0
10082675.0,Credit Card,8373021.0,thanh toán hóa đơn,2023,9,12,3,29,0
22427913.0,Debit Card,10026135.0,mua cổ phiếu,2023,8,16,18,21,0
41934338.0,Debit Card,26003371.0,du lịch,2023,11,5,19,42,0
43927472.0,Wire Transfer,25749391.0,mua sắm,2023,1,5,6,5,0
20187249.0,Debit Card,42374339.0,từ thiện,2024,3,11,18,44,1
25970549.0,Credit Card,49651999.0,du lịch,2023,3,15,1,42,0
37176574.0,ATM Card,41824289.0,thanh toán hóa đơn,2024,1,1,14,27,0
5921759.0,ATM Card,26887335.0,thanh toán hóa đơn,2023,10,20,16,31,0
18641515.0,ATM Card,48979611.0,du lịch,2023,9,24,5,24,0
41946492.0,ATM Card,15425590.0,mua nhà,2023,5,29,2,35,0
27278727.0,Debit Card,22777244.0,du lịch,2024,12,29,3,24,0
15655072.0,Credit Card,44409754.0,mua sắm,2023,2,8,22,36,1
45887875.0,Wire Transfer,19386451.0,trả nợ,2023,8,6,8,22,0
11174690.0,Credit Card,33276339.0,trả nợ,2023,10,6,3,28,0
2422248.0,Debit Card,34814784.0,trả nợ,2023,12,5,2,49,1
2583529.0,Wire Transfer,22464156.0,mua nhà,2023,5,18,8,50,0
28308603.0,Debit Card,11666111.0,từ thiện,2023,7,12,2,40,0
44710780.0,Wire Transfer,33148611.0,thanh toán lương,2023,12,29,18,11,1
36431003.0,Wire Transfer,30244705.0,đóng bảo hiểm,2023,12,2,2,26,0
11836436.0,ATM Card,28304513.0,du lịch,2023,1,29,6,31,0
44956480.0,Wire Transfer,13277905.0,từ thiện,2023,12,22,16,11,0
24622515.0,Credit Card,30635457.0,thanh toán lương,2023,1,12,15,24,0
7791461.0,ATM Card,20949476.0,mua sắm,2024,7,15,2,9,0
12402362.0,ATM Card,25844314.0,mua nhà,2023,1,26,21,13,0
27346038.0,Wire Transfer,42697869.0,thanh toán học phí,2023,10,21,18,19,0
2282980.0,ATM Card,27658721.0,thanh toán học phí,2024,12,10,7,37,0
44495066.0,Debit Card,31950286.0,mua nhà,2024,3,22,6,38,0
34251369.0,ATM Card,10361112.0,mua sắm,2024,4,2,4,39,0
47855242.0,Wire Transfer,6967543.0,mua sắm,2023,1,17,4,26,0
38395818.0,Debit Card,16566478.0,đóng bảo hiểm,2024,2,6,3,25,0
1310371.0,Wire Transfer,31885881.0,thanh toán hóa đơn,2023,1,19,21,5,1
47883245.0,ATM Card,2813920.0,thanh toán hóa đơn,2023,3,21,4,8,0
19286184.0,Credit Card,19474098.0,trả nợ,2024,11,15,15,11,0
45374760.0,Credit Card,36335350.0,đóng bảo hiểm,2024,6,23,21,28,0
35736767.0,Debit Card,18305165.0,trả nợ,2024,1,17,10,52,0
29069375.0,Credit Card,37195359.0,thanh toán lương,2023,6,1,11,0,0
22306761.0,Credit Card,19046757.0,thanh toán lương,2023,4,5,4,28,0
13367015.0,Debit Card,9775144.0,từ thiện,2024,5,10,7,15,0
21386254.0,Debit Card,16500953.0,mua nhà,2023,7,13,0,17,0
6942590.0,Credit Card,21719038.0,du lịch,2024,2,5,8,52,1
24380098.0,Credit Card,37532253.0,thanh toán hóa đơn,2023,6,13,16,23,0
32753717.0,Credit Card,27737195.0,thanh toán học phí,2023,10,24,0,10,0
34615739.0,Wire Transfer,22866277.0,trả nợ,2024,9,5,19,51,0
40967748.0,Credit Card,6466742.0,đóng bảo hiểm,2023,6,3,6,38,0
12705573.0,Debit Card,8520574.0,mua cổ phiếu,2023,5,22,15,25,0
11140996.0,Credit Card,22487170.0,thanh toán học phí,2023,4,9,15,10,0
37054787.0,Wire Transfer,26790565.0,mua cổ phiếu,2023,9,28,21,44,0
4095362.0,Credit Card,48713285.0,đóng bảo hiểm,2024,8,22,14,58,0
11388712.0,ATM Card,25897303.0,từ thiện,2023,3,3,8,2,0
24589754.0,Credit Card,42542348.0,mua sắm,2023,1,14,22,29,0
15397080.0,Wire Transfer,29300829.0,du lịch,2023,5,10,13,11,1
33711389.0,Credit Card,8997125.0,mua nhà,2024,5,7,20,57,0
758144.0,ATM Card,2457250.0,mua cổ phiếu,2023,12,7,3,24,1
216324.0,Wire Transfer,13466091.0,từ thiện,2024,4,20,3,38,0
39102100.0,Credit Card,39182534.0,mua sắm,2023,6,28,5,24,0
25846260.0,ATM Card,33892725.0,mua sắm,2023,2,7,0,5,0
13039609.0,Debit Card,33788820.0,thanh toán hóa đơn,2023,6,14,19,13,1
30189592.0,Credit Card,12257325.0,trả nợ,2024,1,12,13,22,0
24997401.0,Debit Card,2841362.0,từ thiện,2023,2,11,0,30,0
40410978.0,Wire Transfer,31836915.0,thanh toán học phí,2023,2,19,10,15,0
2105149.0,Wire Transfer,5326585.0,mua cổ phiếu,2023,12,28,2,44,0
28223714.0,ATM Card,14621126.0,thanh toán học phí,2024,4,17,21,56,0
14456996.0,Wire Transfer,467027.0,từ thiện,2023,8,19,9,41,0
10995770.0,Credit Card,1563219.0,từ thiện,2023,6,28,6,45,0
19807323.0,Wire Transfer,33245708.0,mua nhà,2024,3,28,8,47,0
46190847.0,Debit Card,29233511.0,trả nợ,2023,4,15,17,8,0
28084806.0,Wire Transfer,33244926.0,từ thiện,2024,10,13,11,11,1
28334334.0,Debit Card,4598782.0,du lịch,2023,2,12,7,12,0
234404.0,Debit Card,22002628.0,trả nợ,2023,9,15,12,20,0
39033748.0,Debit Card,35320700.0,du lịch,2024,7,16,14,19,0
4528695.0,Debit Card,30379562.0,từ thiện,2023,3,19,4,7,0
12857079.0,Wire Transfer,4542354.0,thanh toán học phí,2023,2,21,22,40,0
9093443.0,Credit Card,19659778.0,thanh toán học phí,2024,4,23,6,46,0
44683095.0,Credit Card,39796882.0,đóng bảo hiểm,2023,10,29,14,46,0
8063237.0,Credit Card,23038333.0,đóng bảo hiểm,2023,4,19,18,36,0
19297145.0,Credit Card,38169883.0,thanh toán hóa đơn,2024,12,8,16,2,0
24706117.0,Credit Card,30414479.0,mua sắm,2024,10,22,18,33,0
40369732.0,Debit Card,13353648.0,từ thiện,2023,10,21,0,27,0
12152963.0,Wire Transfer,49539548.0,đóng bảo hiểm,2024,10,17,7,46,0
19780976.0,Credit Card,34992567.0,mua nhà,2023,6,2,11,44,0
43659918.0,Wire Transfer,41378710.0,trả nợ,2024,1,9,19,20,0
21536785.0,Credit Card,5373977.0,thanh toán lương,2023,2,22,4,47,0
41796923.0,Debit Card,23779665.0,thanh toán học phí,2023,2,20,5,32,0
4706795.0,Wire Transfer,33288389.0,đóng bảo hiểm,2023,2,14,1,2,0
39709577.0,Wire Transfer,5168708.0,trả nợ,2024,7,13,15,30,1
8419892.0,Wire Transfer,5690403.0,mua cổ phiếu,2023,3,28,1,11,0
49147783.0,Credit Card,7649032.0,mua cổ phiếu,2023,1,25,14,6,0
16124291.0,Debit Card,10879551.0,thanh toán lương,2024,7,21,0,37,1
45140780.0,Wire Transfer,2420280.0,mua nhà,2023,9,25,3,12,1
33796272.0,Wire Transfer,20146309.0,thanh toán hóa đơn,2023,9,8,22,53,0
35499655.0,Wire Transfer,26852200.0,thanh toán học phí,2024,10,1,10,0,0
25091800.0,Wire Transfer,17051043.0,thanh toán lương,2024,11,16,11,20,1
35164123.0,Wire Transfer,47008367.0,thanh toán học phí,2024,8,1,22,42,0
43473161.0,Credit Card,23865337.0,thanh toán học phí,2024,8,22,15,54,0
26438441.0,Debit Card,30802754.0,mua nhà,2023,5,4,4,47,0
43111887.0,Credit Card,47379769.0,trả nợ,2023,7,4,5,7,0
19212022.0,Credit Card,39981670.0,thanh toán lương,2023,5,19,4,42,0
14912892.0,Debit Card,38689226.0,mua cổ phiếu,2023,8,22,20,24,0
42803226.0,Wire Transfer,45318194.0,du lịch,2024,4,24,13,16,0
24046098.0,ATM Card,24573835.0,từ thiện,2023,2,12,20,40,0
23903022.0,ATM Card,11959519.0,du lịch,2023,12,1,13,27,1
22232781.0,ATM Card,15583934.0,mua sắm,2024,10,6,17,35,0
15489392.0,Wire Transfer,46537103.0,thanh toán học phí,2024,4,15,9,37,0
5259163.0,ATM Card,48480653.0,trả nợ,2023,1,4,17,51,0
26149902.0,Credit Card,26607384.0,mua sắm,2023,6,13,9,39,0
9796336.0,Wire Transfer,442995.0,mua cổ phiếu,2023,9,7,13,14,0
4858717.0,Wire Transfer,7600641.0,thanh toán hóa đơn,2023,6,26,17,46,0
30172111.0,Wire Transfer,5879114.0,thanh toán lương,2024,4,11,17,55,0
16235554.0,Wire Transfer,31789778.0,trả nợ,2023,9,11,19,36,0
14695903.0,Debit Card,37974597.0,du lịch,2024,8,21,16,19,1
43421038.0,Wire Transfer,6540455.0,từ thiện,2024,10,24,1,15,0
2118215.0,ATM Card,20578551.0,từ thiện,2024,1,17,13,41,0
10067138.0,Debit Card,9472084.0,từ thiện,2024,8,17,14,15,0
2636998.0,ATM Card,571400.0,thanh toán lương,2024,2,2,12,42,0
46844922.0,Credit Card,25230867.0,thanh toán hóa đơn,2023,5,14,21,55,0
38132844.0,Debit Card,22182796.0,thanh toán lương,2024,11,25,20,40,1
41207301.0,Debit Card,16237278.0,đóng bảo hiểm,2023,7,15,14,31,0
4197764.0,Credit Card,43201166.0,thanh toán hóa đơn,2024,10,10,0,44,1
19471497.0,Credit Card,17374778.0,mua nhà,2024,6,24,18,49,0
3475942.0,Debit Card,4205061.0,trả nợ,2024,4,28,15,48,1
17870161.0,ATM Card,6543430.0,đóng bảo hiểm,2023,10,22,3,39,0
15052107.0,Wire Transfer,39308172.0,mua sắm,2023,7,17,22,0,0
7999914.0,Wire Transfer,161277.0,đóng bảo hiểm,2024,6,14,5,9,1
13057747.0,Credit Card,14299531.0,thanh toán hóa đơn,2023,3,16,9,4,1
7765755.0,Wire Transfer,8115395.0,trả nợ,2024,5,9,2,22,1
31549317.0,ATM Card,106045.0,mua sắm,2023,5,1,18,54,0
32118215.0,Credit Card,31635608.0,đóng bảo hiểm,2023,2,6,14,25,0
46002062.0,Credit Card,11224889.0,mua nhà,2024,3,15,14,50,0
38922929.0,Credit Card,32718068.0,từ thiện,2024,1,21,12,33,0
40082633.0,Debit Card,33340675.0,đóng bảo hiểm,2024,12,22,12,2,0
42264002.0,Wire Transfer,44092386.0,đóng bảo hiểm,2023,4,17,18,18,0
25720121.0,ATM Card,23417682.0,du lịch,2023,8,3,8,23,1
4343318.0,Credit Card,40387139.0,mua nhà,2023,8,23,1,49,0
41599280.0,ATM Card,6374798.0,thanh toán học phí,2024,11,16,4,31,1
27369010.0,Debit Card,44594760.0,thanh toán lương,2023,8,12,17,19,0
13580336.0,Debit Card,47753133.0,mua nhà,2023,11,27,7,41,1
24073952.0,Credit Card,14387440.0,thanh toán hóa đơn,2023,11,26,20,45,1
45440683.0,Debit Card,31638110.0,mua cổ phiếu,2024,11,16,22,4,1
9218531.0,Credit Card,31686972.0,thanh toán lương,2023,11,27,11,32,0
44649751.0,ATM Card,8728732.0,mua nhà,2023,12,24,3,53,0
9261104.0,Debit Card,15470676.0,thanh toán học phí,2024,8,20,3,22,0
37377572.0,Debit Card,9165814.0,đóng bảo hiểm,2023,9,17,14,34,0
14337621.0,ATM Card,24863002.0,thanh toán lương,2024,10,2,1,2,0
26552769.0,Wire Transfer,37477515.0,du lịch,2023,9,24,21,46,0
32493014.0,Credit Card,1334929.0,thanh toán hóa đơn,2024,9,9,20,14,0
24681731.0,ATM Card,31677194.0,trả nợ,2023,1,16,20,11,0
43402804.0,Credit Card,40958901.0,thanh toán học phí,2023,12,13,0,34,0
35762768.0,ATM Card,17654959.0,mua nhà,2024,2,9,18,29,0
18472739.0,Wire Transfer,45288223.0,từ thiện,2024,4,25,15,2,0
12648357.0,Debit Card,32291238.0,mua cổ phiếu,2024,4,9,14,47,1
4543950.0,Debit Card,14832601.0,thanh toán học phí,2024,7,16,20,32,0
17860967.0,Wire Transfer,26647329.0,mua nhà,2023,12,1,7,30,0
2372225.0,Wire Transfer,16474391.0,mua cổ phiếu,2023,12,26,4,58,1
18768571.0,ATM Card,6397055.0,mua sắm,2024,7,9,7,50,0
49717129.0,ATM Card,14119389.0,du lịch,2024,10,13,0,5,0
32009626.0,ATM Card,40961832.0,thanh toán lương,2024,11,7,17,4,1
41699052.0,Credit Card,25968300.0,trả nợ,2024,8,15,13,22,0
37772084.0,Debit Card,28169659.0,đóng bảo hiểm,2024,7,4,13,38,0
35855220.0,Wire Transfer,49311599.0,thanh toán hóa đơn,2024,10,18,3,3,0
16645510.0,Credit Card,45696668.0,mua cổ phiếu,2024,4,8,14,43,1
10613271.0,Wire Transfer,25053182.0,mua sắm,2024,3,16,1,52,0
34740262.0,Wire Transfer,18255063.0,mua nhà,2023,3,15,10,10,0
8076737.0,Wire Transfer,42635029.0,mua sắm,2023,12,22,7,25,0
7397153.0,Debit Card,46391005.0,từ thiện,2024,8,6,2,30,0
44719452.0,Credit Card,48273268.0,thanh toán hóa đơn,2023,2,24,8,19,0
33907429.0,ATM Card,20965607.0,mua sắm,2024,2,24,17,28,0
39153103.0,Credit Card,14567531.0,thanh toán hóa đơn,2023,3,17,16,48,0
47433308.0,Credit Card,16237354.0,từ thiện,2024,3,4,13,36,0
19511226.0,Wire Transfer,9712121.0,trả nợ,2023,2,10,22,40,1
17131096.0,Credit Card,49074046.0,du lịch,2023,11,21,16,17,0
11797726.0,ATM Card,8036094.0,đóng bảo hiểm,2023,1,19,19,41,0
16698637.0,ATM Card,19822721.0,thanh toán lương,2024,2,17,0,12,0
47773752.0,ATM Card,25487070.0,thanh toán học phí,2023,12,14,9,35,0
36480653.0,Wire Transfer,6028000.0,thanh toán lương,2023,4,11,1,50,0
16834143.0,Wire Transfer,36662927.0,trả nợ,2023,7,2,13,52,0
10698147.0,ATM Card,39025154.0,trả nợ,2023,11,12,12,37,0
31513737.0,Credit Card,35675164.0,mua cổ phiếu,2023,7,16,10,39,0
29265617.0,ATM Card,11547788.0,từ thiện,2023,6,13,15,9,0
49785851.0,Wire Transfer,7038458.0,mua cổ phiếu,2024,8,24,2,51,0
38248878.0,Credit Card,38453603.0,đóng bảo hiểm,2024,4,16,20,5,0
12316216.0,Debit Card,39437505.0,thanh toán lương,2023,11,12,16,51,0
47574081.0,ATM Card,23780344.0,trả nợ,2023,7,5,16,40,1
43188084.0,Wire Transfer,17042106.0,thanh toán lương,2024,6,25,5,4,0
15587013.0,ATM Card,13949623.0,thanh toán hóa đơn,2024,2,22,8,35,0
20560770.0,ATM Card,46999102.0,mua cổ phiếu,2024,9,21,8,55,1
47162957.0,Credit Card,49385063.0,du lịch,2023,8,3,13,1,1
31478562.0,Credit Card,38224863.0,thanh toán học phí,2023,5,27,4,27,1
31972716.0,Debit Card,33109564.0,mua sắm,2023,6,11,15,19,0
44168665.0,ATM Card,40006932.0,mua sắm,2023,9,25,11,41,1
38597017.0,Debit Card,42060822.0,đóng bảo hiểm,2024,9,20,20,55,0
20090030.0,Wire Transfer,9672661.0,trả nợ,2024,1,23,11,53,0
18200593.0,Credit Card,16652187.0,trả nợ,2023,6,4,15,36,0
5781488.0,Wire Transfer,22982551.0,thanh toán học phí,2023,9,2,16,2,0
34378483.0,Wire Transfer,30268127.0,mua sắm,2024,4,2,2,10,0
44893804.0,ATM Card,6460094.0,đóng bảo hiểm,2024,10,25,2,14,0
27067204.0,ATM Card,10577717.0,trả nợ,2024,11,22,13,18,1
39926976.0,ATM Card,3319102.0,từ thiện,2024,2,4,11,2,0
42427417.0,Debit Card,12944661.0,từ thiện,2023,3,4,14,9,1
30535507.0,Credit Card,28649441.0,mua sắm,2023,9,29,19,10,1
36623693.0,Debit Card,44786684.0,mua nhà,2024,10,16,10,21,1
26789970.0,Debit Card,5437515.0,từ thiện,2023,6,3,13,20,0
8036498.0,ATM Card,42510460.0,trả nợ,2023,5,19,15,48,0
26011590.0,ATM Card,47438068.0,thanh toán lương,2024,11,23,1,5,0
15577910.0,ATM Card,37235438.0,từ thiện,2023,10,20,8,38,0
44901814.0,ATM Card,11437061.0,mua sắm,2024,12,29,7,24,1
30468698.0,Wire Transfer,35483470.0,đóng bảo hiểm,2023,7,11,10,2,0
12640036.0,ATM Card,39726334.0,mua nhà,2024,3,29,21,25,0
46612461.0,Debit Card,45663887.0,thanh toán học phí,2024,1,29,15,45,0
16634781.0,ATM Card,7362917.0,mua cổ phiếu,2024,10,21,8,52,0
15624027.0,ATM Card,16898438.0,thanh toán lương,2023,1,19,16,2,0
45837553.0,Credit Card,38629800.0,mua sắm,2024,12,24,20,0,0
12628498.0,Credit Card,49338097.0,thanh toán học phí,2023,7,19,18,29,1
39093883.0,ATM Card,2663765.0,trả nợ,2024,2,28,15,23,0
49481292.0,Debit Card,15696988.0,từ thiện,2023,2,20,11,31,0
8707982.0,Wire Transfer,35168269.0,mua sắm,2024,8,22,10,4,0
34506273.0,Wire Transfer,12490084.0,đóng bảo hiểm,2024,6,3,8,36,0
29944699.0,Wire Transfer,43109586.0,mua cổ phiếu,2024,6,22,22,25,0
26144385.0,Credit Card,736331.0,từ thiện,2023,12,27,14,34,0
5552397.0,ATM Card,21692201.0,từ thiện,2024,7,23,1,19,0
31799194.0,Wire Transfer,7517559.0,đóng bảo hiểm,2023,11,17,16,22,0
27594118.0,ATM Card,9815591.0,mua nhà,2023,7,26,17,18,0
41728044.0,Debit Card,13359484.0,thanh toán hóa đơn,2024,8,18,17,55,0
29777733.0,ATM Card,12116872.0,mua cổ phiếu,2023,1,1,10,32,1
33711264.0,ATM Card,40793702.0,từ thiện,2023,3,5,11,24,0
30275799.0,Debit Card,40710157.0,trả nợ,2023,7,11,5,41,0
34401455.0,Credit Card,37750735.0,từ thiện,2023,7,13,12,30,0
43412329.0,Credit Card,13848303.0,đóng bảo hiểm,2023,7,1,9,29,0
19706720.0,ATM Card,39885795.0,du lịch,2024,8,22,6,54,1
10865093.0,Wire Transfer,28649171.0,mua sắm,2024,12,27,10,5,0
12058659.0,Debit Card,21035119.0,thanh toán hóa đơn,2023,3,22,17,3,1
3020604.0,Credit Card,2053731.0,mua nhà,2023,11,29,13,48,0
27607033.0,Wire Transfer,27834367.0,thanh toán lương,2023,12,16,22,7,0
24592291.0,Wire Transfer,38756225.0,mua cổ phiếu,2024,4,10,15,9,0
40582478.0,Credit Card,2088976.0,từ thiện,2024,8,13,0,27,0
36401341.0,Credit Card,35309693.0,thanh toán hóa đơn,2023,2,29,9,26,1
19184245.0,ATM Card,20988048.0,mua nhà,2023,1,27,9,27,1
7997319.0,Wire Transfer,46686635.0,mua cổ phiếu,2023,7,2,13,58,0
49362544.0,Credit Card,10856777.0,mua sắm,2023,12,16,15,44,0
27342521.0,ATM Card,19666543.0,mua sắm,2024,2,10,22,12,0
10548882.0,Wire Transfer,4297385.0,mua nhà,2024,1,19,4,57,0
3100415.0,ATM Card,47903524.0,từ thiện,2024,11,9,22,22,0
36834884.0,Wire Transfer,38521363.0,mua cổ phiếu,2024,12,15,4,5,0
21163669.0,Debit Card,28657781.0,mua nhà,2023,6,15,7,24,1
13045321.0,Credit Card,31796246.0,từ thiện,2024,2,13,9,33,1
15750186.0,ATM Card,22986574.0,mua sắm,2024,5,21,3,43,0
19647317.0,Wire Transfer,47357132.0,du lịch,2023,5,1,9,28,0
36744520.0,ATM Card,21134528.0,mua sắm,2024,12,9,18,39,0
33873105.0,Debit Card,35166960.0,trả nợ,2023,4,29,8,20,0
48897600.0,Credit Card,6370859.0,trả nợ,2024,2,7,16,34,0
17564610.0,Credit Card,3703346.0,thanh toán lương,2024,10,15,8,4,0
29605193.0,Wire Transfer,15695929.0,mua nhà,2024,12,26,7,48,0
33544698.0,Wire Transfer,39236150.0,thanh toán hóa đơn,2023,11,2,2,30,0
48519528.0,Wire Transfer,14979068.0,thanh toán học phí,2023,7,19,12,8,0
24618382.0,Wire Transfer,1215933.0,thanh toán học phí,2024,8,23,20,13,0
34301882.0,Credit Card,8743699.0,đóng bảo hiểm,2023,11,1,18,50,0
49964289.0,Debit Card,9809405.0,mua cổ phiếu,2023,9,12,15,30,0
17990807.0,Credit Card,20024617.0,mua cổ phiếu,2024,11,25,8,17,0
49089231.0,Credit Card,41837701.0,thanh toán học phí,2024,2,20,12,54,0
12696974.0,Debit Card,49075366.0,đóng bảo hiểm,2023,11,12,15,54,0
30230801.0,Wire Transfer,3329621.0,đóng bảo hiểm,2024,6,25,3,45,0
6895600.0,Wire Transfer,46598802.0,đóng bảo hiểm,2023,2,3,2,11,0
1541211.0,ATM Card,6312443.0,từ thiện,2023,8,24,20,37,0
14967972.0,Credit Card,17335383.0,thanh toán hóa đơn,2024,5,6,19,17,0
28405542.0,Wire Transfer,15451897.0,thanh toán học phí,2024,11,6,17,25,0
42048344.0,Debit Card,22698748.0,mua sắm,2023,2,27,1,57,0
36655663.0,Debit Card,23385739.0,thanh toán lương,2023,3,23,22,7,0
29951005.0,Credit Card,27022789.0,mua nhà,2023,8,27,6,58,0
47521721.0,Credit Card,6301119.0,thanh toán hóa đơn,2023,7,24,11,5,0
24731711.0,Debit Card,42623669.0,mua sắm,2023,5,29,4,55,0
12552607.0,Credit Card,892116.0,mua nhà,2024,3,9,2,12,0
24669635.0,Credit Card,48050690.0,thanh toán hóa đơn,2023,9,17,19,25,0
10315036.0,Wire Transfer,28445148.0,mua nhà,2023,10,29,20,10,0
1160813.0,ATM Card,49607225.0,thanh toán hóa đơn,2023,9,3,12,1,0
14664016.0,Debit Card,29767780.0,thanh toán học phí,2024,12,26,10,49,0
34790712.0,Wire Transfer,26003213.0,mua cổ phiếu,2023,10,22,19,25,1
9839188.0,Debit Card,49924827.0,du lịch,2024,2,4,3,22,0
47577311.0,Debit Card,34335149.0,thanh toán hóa đơn,2024,3,28,21,13,0
18263923.0,Wire Transfer,47871.0,mua sắm,2024,1,26,15,18,0
48580696.0,Debit Card,795476.0,mua cổ phiếu,2024,8,9,17,50,0
12549648.0,Credit Card,12635572.0,đóng bảo hiểm,2024,7,9,17,28,0
9435200.0,Wire Transfer,5643807.0,thanh toán lương,2024,9,8,6,28,0
14987406.0,Credit Card,36893768.0,thanh toán học phí,2024,4,28,15,41,0
16210020.0,Credit Card,5574363.0,thanh toán hóa đơn,2023,11,19,8,22,0
31802814.0,Credit Card,34596359.0,mua nhà,2024,9,19,10,1,0
36235389.0,Credit Card,45937759.0,đóng bảo hiểm,2024,5,27,13,20,0
21866540.0,Debit Card,33535572.0,mua sắm,2023,5,29,12,10,0
45648113.0,Wire Transfer,26490298.0,du lịch,2023,12,23,22,31,0
29476049.0,ATM Card,8994631.0,từ thiện,2023,2,25,18,37,0
43662446.0,Credit Card,46472729.0,mua cổ phiếu,2023,8,22,8,27,0
40935960.0,Debit Card,33807783.0,trả nợ,2023,10,9,17,40,0
44667565.0,Wire Transfer,13163996.0,từ thiện,2024,7,11,11,44,0
21481004.0,Wire Transfer,43249498.0,thanh toán lương,2024,12,12,2,6,0
23677722.0,Wire Transfer,39629088.0,du lịch,2023,9,15,18,27,1
16133146.0,ATM Card,47559348.0,thanh toán lương,2024,4,5,9,42,0
43773269.0,Wire Transfer,27971912.0,đóng bảo hiểm,2023,10,13,12,58,0
16254780.0,ATM Card,20145906.0,thanh toán lương,2023,2,23,22,2,1
45236067.0,Wire Transfer,14323235.0,du lịch,2023,7,2,11,52,0
16926422.0,Wire Transfer,33485752.0,du lịch,2024,12,6,19,2,0
46500230.0,Credit Card,27117909.0,du lịch,2024,2,28,22,57,0
27606658.0,Debit Card,5070827.0,từ thiện,2024,5,10,11,40,0
1881123.0,Credit Card,47040665.0,thanh toán học phí,2023,8,29,0,29,0
34577715.0,Credit Card,14658550.0,thanh toán học phí,2023,4,29,18,41,0
34913456.0,Credit Card,9236878.0,mua cổ phiếu,2024,5,13,18,16,0
39430796.0,Credit Card,30951216.0,trả nợ,2024,3,22,17,19,0
18842429.0,Credit Card,12884850.0,mua nhà,2024,6,18,11,57,1
7885107.0,Debit Card,40202090.0,mua cổ phiếu,2023,7,18,14,55,1
45419266.0,Wire Transfer,34109015.0,từ thiện,2024,11,20,0,37,0
32375560.0,Debit Card,16909023.0,trả nợ,2024,11,27,8,34,0
3023968.0,Debit Card,43573255.0,từ thiện,2024,12,22,5,25,0
18831.0,Debit Card,8081679.0,thanh toán lương,2023,9,11,1,51,0
20139145.0,Debit Card,28939429.0,mua sắm,2023,4,9,11,20,1
12038397.0,Debit Card,14745528.0,thanh toán hóa đơn,2023,8,2,19,1,0
8980029.0,ATM Card,48273261.0,mua cổ phiếu,2024,10,28,4,25,0
33053930.0,Debit Card,19001379.0,thanh toán hóa đơn,2023,10,3,10,40,1
18742738.0,Wire Transfer,16426016.0,mua sắm,2023,12,20,7,34,0
4266807.0,Wire Transfer,24225096.0,từ thiện,2024,2,5,20,13,0
1545159.0,Credit Card,31027684.0,mua sắm,2024,2,29,11,10,0
38669008.0,Credit Card,44019466.0,thanh toán lương,2023,9,4,8,13,0
45582824.0,ATM Card,29636724.0,mua sắm,2024,10,20,4,34,0
2013678.0,Wire Transfer,45799718.0,thanh toán hóa đơn,2024,5,28,16,55,0
16248016.0,Debit Card,35952363.0,mua sắm,2023,9,27,20,39,0
43575907.0,Debit Card,25652411.0,du lịch,2023,2,21,2,19,0
30913052.0,Debit Card,34480342.0,mua nhà,2024,3,6,4,23,0
48597294.0,ATM Card,46337529.0,từ thiện,2023,6,16,0,11,0
48407156.0,ATM Card,47908203.0,đóng bảo hiểm,2024,10,15,22,26,0
11468856.0,Credit Card,28627464.0,thanh toán hóa đơn,2024,3,24,15,38,0
43286144.0,ATM Card,30703000.0,du lịch,2024,4,22,16,54,0
12985980.0,Wire Transfer,23978750.0,du lịch,2024,10,27,19,24,0
49805513.0,Wire Transfer,162356.0,đóng bảo hiểm,2023,5,8,14,49,0
46249518.0,Credit Card,16233932.0,thanh toán lương,2024,10,29,16,34,0
43147461.0,Credit Card,18494996.0,trả nợ,2023,8,22,4,32,0
25336618.0,Debit Card,15022934.0,thanh toán hóa đơn,2024,9,15,22,5,0
988228.0,Credit Card,30696215.0,thanh toán lương,2024,12,16,11,54,1
11990867.0,Wire Transfer,1430121.0,thanh toán hóa đơn,2023,9,18,2,10,0
18171193.0,Debit Card,9497174.0,mua nhà,2023,4,3,6,49,0
303468.0,Wire Transfer,19914407.0,mua nhà,2024,2,10,6,40,0
11582584.0,ATM Card,15450622.0,thanh toán lương,2023,5,12,18,4,0
25757760.0,Debit Card,31301571.0,thanh toán lương,2024,12,28,8,36,1
18477392.0,ATM Card,47487627.0,mua nhà,2024,1,1,6,15,0
34014271.0,Wire Transfer,10359452.0,thanh toán lương,2024,6,12,9,22,0
21971862.0,ATM Card,37508589.0,thanh toán lương,2023,12,14,13,34,0
7079440.0,Debit Card,1164087.0,từ thiện,2024,11,2,17,7,0
47074859.0,Credit Card,7323259.0,thanh toán lương,2023,12,4,15,1,1
21798503.0,Debit Card,7203947.0,đóng bảo hiểm,2023,8,15,13,46,0
47382711.0,Debit Card,20417226.0,thanh toán lương,2023,11,10,11,28,0
18139479.0,Credit Card,28138268.0,mua cổ phiếu,2023,7,23,6,22,0
40144456.0,Credit Card,44388429.0,mua cổ phiếu,2024,10,19,19,2,0
41653852.0,Wire Transfer,7029402.0,du lịch,2023,10,5,22,30,0
21589206.0,ATM Card,17927549.0,từ thiện,2024,9,17,5,0,0
31176150.0,Wire Transfer,31627447.0,thanh toán lương,2024,8,12,4,7,0
8732448.0,Credit Card,44881603.0,du lịch,2024,7,6,20,12,0
18819584.0,Debit Card,26130694.0,đóng bảo hiểm,2024,11,6,15,51,0
41725677.0,Wire Transfer,32776546.0,mua sắm,2024,9,1,12,14,0
45740184.0,Wire Transfer,24991919.0,thanh toán học phí,2023,1,25,7,32,0
13892933.0,Credit Card,1382857.0,mua nhà,2024,3,16,15,56,1
17359348.0,Credit Card,17398637.0,du lịch,2023,5,1,21,48,0
11701778.0,Credit Card,24916035.0,thanh toán hóa đơn,2024,7,10,8,22,1
9178589.0,Debit Card,1411181.0,mua sắm,2024,7,11,3,22,0
12410777.0,Debit Card,1145006.0,du lịch,2024,3,5,0,0,0
29199425.0,Debit Card,12073328.0,đóng bảo hiểm,2024,9,24,4,2,0
21832642.0,Credit Card,44307759.0,mua cổ phiếu,2024,11,10,18,33,0
30431234.0,Wire Transfer,26979473.0,thanh toán hóa đơn,2023,7,18,4,18,0
12946715.0,Credit Card,25351631.0,mua cổ phiếu,2023,3,19,3,37,0
209301.0,Debit Card,30709656.0,trả nợ,2024,11,13,8,57,0
19208754.0,Debit Card,38805921.0,thanh toán hóa đơn,2023,12,11,12,32,0
26157574.0,ATM Card,2671645.0,mua cổ phiếu,2024,6,10,17,3,0
625115.0,Wire Transfer,47491852.0,du lịch,2024,4,13,12,6,1
19875661.0,Debit Card,1541894.0,thanh toán học phí,2023,9,13,9,58,0
49761454.0,Wire Transfer,46345545.0,du lịch,2023,1,20,9,41,0
42671079.0,ATM Card,4377056.0,thanh toán hóa đơn,2023,4,10,18,50,0
11780906.0,Credit Card,14476937.0,mua nhà,2023,11,29,17,17,0
1936400.0,Wire Transfer,49264125.0,thanh toán học phí,2023,9,2,0,9,0
26750745.0,Debit Card,47106182.0,thanh toán lương,2024,12,24,13,1,0
42858026.0,Wire Transfer,35884338.0,thanh toán học phí,2023,4,8,1,26,1
9525256.0,Debit Card,20052096.0,mua cổ phiếu,2024,12,13,15,14,0
28078415.0,Wire Transfer,27564908.0,trả nợ,2023,1,11,0,40,0
1551521.0,ATM Card,34721140.0,du lịch,2023,8,8,9,3,1
3828822.0,Debit Card,1665580.0,trả nợ,2024,10,24,15,17,0
25208972.0,Credit Card,9676861.0,mua sắm,2023,8,28,6,16,0
11049552.0,Debit Card,24328457.0,mua cổ phiếu,2023,11,25,14,51,0
4673802.0,Debit Card,42354788.0,mua cổ phiếu,2023,10,16,19,51,1
43000352.0,Debit Card,18973235.0,trả nợ,2024,8,28,14,28,0
4841164.0,Credit Card,26992246.0,từ thiện,2024,9,27,13,37,0
16850663.0,ATM Card,41418546.0,thanh toán lương,2023,9,18,1,42,0
49331792.0,ATM Card,6610304.0,thanh toán lương,2024,5,1,6,41,1
7634339.0,Credit Card,21889221.0,mua nhà,2024,12,12,11,17,0
25343603.0,Wire Transfer,44414023.0,đóng bảo hiểm,2024,5,8,13,21,0
38057934.0,Credit Card,1022140.0,thanh toán lương,2023,9,22,9,37,0
39832186.0,Wire Transfer,37550766.0,thanh toán lương,2023,2,20,3,40,0
16982218.0,Debit Card,44426460.0,trả nợ,2024,4,6,0,19,0
25617162.0,Credit Card,17983522.0,mua sắm,2024,2,6,16,44,1
44641172.0,Wire Transfer,5536449.0,mua nhà,2023,3,13,14,39,0
32435066.0,Debit Card,37751408.0,trả nợ,2023,11,1,4,0,0
24470604.0,Debit Card,20849821.0,mua cổ phiếu,2023,8,19,17,19,1
27014924.0,Debit Card,26236512.0,thanh toán lương,2024,6,14,12,21,0
45439910.0,ATM Card,14388612.0,thanh toán lương,2024,8,22,16,58,0
35516775.0,Debit Card,48926449.0,mua cổ phiếu,2023,7,6,7,49,0
41307019.0,ATM Card,23144333.0,đóng bảo hiểm,2023,11,2,18,18,0
24310529.0,ATM Card,36859566.0,từ thiện,2023,1,16,7,7,0
14047505.0,Wire Transfer,17628693.0,du lịch,2024,5,4,14,50,0
37595558.0,ATM Card,18203720.0,thanh toán hóa đơn,2024,11,2,11,21,1
46623706.0,ATM Card,8432016.0,thanh toán lương,2023,6,13,20,20,0
3114613.0,Debit Card,41606824.0,mua nhà,2023,11,13,4,42,0
42454943.0,Wire Transfer,23660045.0,thanh toán hóa đơn,2024,3,4,21,37,0
16925785.0,ATM Card,48358815.0,đóng bảo hiểm,2024,8,19,18,56,0
25675379.0,Debit Card,24102981.0,thanh toán lương,2023,8,4,13,47,0
10058020.0,Credit Card,32537647.0,trả nợ,2024,6,28,21,35,1
9998734.0,Credit Card,1973479.0,mua nhà,2023,3,9,22,58,0
38263054.0,ATM Card,10799709.0,thanh toán hóa đơn,2024,12,22,19,0,0
9447062.0,Debit Card,5354030.0,từ thiện,2023,6,23,1,49,0
14712612.0,Debit Card,29818210.0,mua nhà,2023,7,8,17,8,1
45252227.0,Credit Card,48377586.0,du lịch,2023,6,12,9,48,0
36535929.0,Debit Card,12634624.0,trả nợ,2023,8,14,21,56,0
43764502.0,Credit Card,16253340.0,du lịch,2023,10,26,21,14,0
48467353.0,Debit Card,41734579.0,trả nợ,2023,2,8,17,25,1
7253952.0,Credit Card,6422095.0,đóng bảo hiểm,2024,11,15,2,28,0
26950327.0,ATM Card,32128932.0,mua nhà,2024,11,26,1,16,0
26102703.0,Wire Transfer,10183529.0,mua cổ phiếu,2023,6,23,8,8,1
33350041.0,Wire Transfer,47356293.0,trả nợ,2023,8,27,4,48,1
9373900.0,Credit Card,47434744.0,đóng bảo hiểm,2023,4,1,7,39,0
22340255.0,Wire Transfer,37503710.0,thanh toán lương,2024,5,3,22,45,1
14923393.0,Debit Card,22014617.0,thanh toán học phí,2023,6,1,19,7,0
19908347.0,Wire Transfer,23622255.0,từ thiện,2024,6,21,15,33,0
32452424.0,Wire Transfer,37876732.0,trả nợ,2024,5,4,0,14,0
2246032.0,Wire Transfer,8163154.0,trả nợ,2023,4,17,22,35,0
28651847.0,ATM Card,43014346.0,đóng bảo hiểm,2023,2,3,7,30,0
19436470.0,Credit Card,17634900.0,thanh toán hóa đơn,2023,5,10,0,19,1
24220705.0,Credit Card,21244620.0,du lịch,2024,6,12,4,44,0
33717458.0,ATM Card,675421.0,du lịch,2023,10,6,6,51,0
37434006.0,ATM Card,12017680.0,thanh toán hóa đơn,2024,2,29,9,51,0
23080301.0,ATM Card,20916869.0,thanh toán lương,2023,5,29,13,2,0
40592671.0,ATM Card,10976815.0,mua nhà,2023,6,28,1,38,0
21788906.0,ATM Card,35181257.0,đóng bảo hiểm,2024,1,13,7,29,1
33788055.0,Credit Card,26228073.0,đóng bảo hiểm,2023,2,26,12,34,0
23069327.0,ATM Card,47014646.0,mua cổ phiếu,2024,5,6,6,15,1
4505761.0,ATM Card,16519797.0,thanh toán học phí,2024,12,23,22,0,0
23896722.0,Wire Transfer,47349141.0,đóng bảo hiểm,2024,12,4,15,50,0
6691291.0,Credit Card,31084434.0,thanh toán hóa đơn,2023,10,20,11,5,0
30369897.0,Wire Transfer,27619889.0,thanh toán học phí,2024,10,13,7,18,1
249282.0,Debit Card,14657012.0,trả nợ,2023,8,7,0,3,0
506008.0,Credit Card,20422036.0,thanh toán học phí,2023,9,11,19,17,0
8808086.0,Credit Card,25635750.0,thanh toán lương,2024,6,24,9,42,0
26014680.0,Debit Card,33353686.0,thanh toán hóa đơn,2024,9,3,0,53,0
26639899.0,Credit Card,11226760.0,thanh toán hóa đơn,2024,5,3,20,48,0
32683871.0,Debit Card,7351116.0,mua sắm,2024,7,26,2,17,0
26103839.0,ATM Card,39666913.0,trả nợ,2023,8,20,15,13,1
49352934.0,Credit Card,41471576.0,từ thiện,2024,6,16,11,53,0
32160217.0,Wire Transfer,27355767.0,từ thiện,2024,11,1,4,40,1
32711906.0,Credit Card,43999311.0,thanh toán học phí,2024,8,29,17,53,1
15492905.0,Credit Card,13014944.0,thanh toán hóa đơn,2023,9,26,3,34,0
45717279.0,ATM Card,28682218.0,mua sắm,2023,12,20,17,26,0
29001439.0,Debit Card,24188715.0,trả nợ,2024,5,9,19,47,0
21483753.0,ATM Card,46628565.0,từ thiện,2024,6,14,14,42,0
42849630.0,Wire Transfer,31738566.0,đóng bảo hiểm,2023,7,8,21,3,0
24414032.0,ATM Card,33867164.0,từ thiện,2023,12,24,21,23,0
21207162.0,Debit Card,38991190.0,đóng bảo hiểm,2024,9,20,9,7,0
39131471.0,Wire Transfer,24067255.0,thanh toán hóa đơn,2024,10,8,17,43,1
45558843.0,Credit Card,40756665.0,mua cổ phiếu,2023,9,28,21,14,0
24527978.0,Credit Card,17275870.0,du lịch,2023,11,6,20,22,0
34916187.0,Credit Card,40607147.0,trả nợ,2024,5,26,20,24,0
34969409.0,Credit Card,49628608.0,đóng bảo hiểm,2023,6,1,9,27,0
19639468.0,Debit Card,13719478.0,mua nhà,2023,9,7,18,29,1
25113144.0,Debit Card,3496739.0,du lịch,2024,1,27,6,12,0
48872685.0,Wire Transfer,13552519.0,trả nợ,2023,1,1,18,53,0
30108376.0,ATM Card,25270362.0,thanh toán học phí,2024,7,15,5,16,0
40132162.0,ATM Card,46928660.0,mua sắm,2024,6,13,15,43,0
2209345.0,ATM Card,36041275.0,đóng bảo hiểm,2023,8,12,14,54,0
39126887.0,ATM Card,11661980.0,mua sắm,2023,8,4,11,26,0
18640862.0,ATM Card,7816757.0,mua sắm,2024,1,8,11,52,0
35823774.0,Wire Transfer,36053095.0,trả nợ,2023,9,8,9,12,0
47260802.0,Debit Card,36755540.0,thanh toán lương,2024,9,1,11,40,0
14365067.0,Credit Card,41410370.0,mua sắm,2024,12,13,2,38,1
22838345.0,Debit Card,26570377.0,đóng bảo hiểm,2024,8,27,10,44,0
41470577.0,Debit Card,34294035.0,du lịch,2023,9,15,21,40,0
28453274.0,Credit Card,12750598.0,mua nhà,2024,9,12,5,46,0
46251991.0,Debit Card,15011517.0,thanh toán lương,2024,5,23,21,57,0
11652134.0,ATM Card,32743238.0,đóng bảo hiểm,2023,8,24,20,43,0
26145370.0,ATM Card,38106604.0,mua nhà,2023,11,12,7,13,0
47663683.0,Wire Transfer,28362686.0,thanh toán lương,2024,3,9,4,47,1
1196430.0,ATM Card,26842470.0,thanh toán hóa đơn,2023,10,22,0,11,0
29260483.0,Debit Card,35175692.0,mua sắm,2023,7,27,5,35,0
49086205.0,Debit Card,20574917.0,từ thiện,2024,10,6,21,31,1
2507629.0,ATM Card,42497791.0,đóng bảo hiểm,2023,5,11,21,27,0
48530663.0,Debit Card,27494250.0,du lịch,2023,5,10,0,24,0
4423516.0,ATM Card,30427402.0,trả nợ,2024,11,20,17,44,1
12148922.0,Credit Card,25933637.0,du lịch,2023,8,19,20,47,0
11953172.0,Debit Card,9532565.0,đóng bảo hiểm,2024,2,6,11,15,0
38790124.0,Wire Transfer,32250905.0,du lịch,2024,7,1,18,13,0
23625983.0,Debit Card,48385909.0,thanh toán lương,2024,1,22,18,20,0
14713032.0,Credit Card,11186268.0,du lịch,2023,12,25,11,43,0
26798154.0,Wire Transfer,8679004.0,mua sắm,2024,2,1,14,11,0
20917879.0,Wire Transfer,44506426.0,mua sắm,2024,8,3,7,27,0
8745074.0,ATM Card,16696919.0,mua cổ phiếu,2023,5,3,7,53,1
27652239.0,ATM Card,48320090.0,mua cổ phiếu,2023,7,14,18,38,0
45708474.0,ATM Card,31832020.0,thanh toán học phí,2023,1,12,22,3,0
12938611.0,Wire Transfer,27400784.0,trả nợ,2023,7,24,12,35,0
29763461.0,ATM Card,31044704.0,thanh toán học phí,2024,5,3,20,14,0
5059838.0,Credit Card,27980363.0,mua sắm,2023,7,2,16,42,0
48600768.0,Credit Card,44616643.0,từ thiện,2023,8,27,9,55,0
30759470.0,Credit Card,23880664.0,mua nhà,2024,7,29,11,10,0
15882817.0,Debit Card,28474940.0,thanh toán hóa đơn,2023,3,11,2,5,0
8786008.0,Wire Transfer,6073122.0,thanh toán hóa đơn,2024,10,14,17,5,0
5480111.0,Wire Transfer,48518100.0,du lịch,2023,9,11,20,29,1
32130065.0,Wire Transfer,9119864.0,mua sắm,2024,3,9,20,9,0
2425401.0,Debit Card,16560514.0,thanh toán lương,2024,5,5,3,58,1
25929330.0,Wire Transfer,18001446.0,thanh toán hóa đơn,2024,12,27,2,24,1
28590428.0,ATM Card,41764436.0,thanh toán học phí,2024,2,22,5,6,0
10119600.0,Debit Card,28037151.0,mua cổ phiếu,2023,11,13,9,3,0
39171323.0,Wire Transfer,13812168.0,du lịch,2024,9,19,8,27,1
30470357.0,Wire Transfer,35566863.0,mua nhà,2024,1,1,17,32,0
30190666.0,Credit Card,46690841.0,mua nhà,2024,5,10,7,32,0
10793140.0,Credit Card,26503881.0,thanh toán lương,2024,12,2,16,15,0
44950070.0,Wire Transfer,44742247.0,thanh toán học phí,2024,2,17,1,24,0
43009194.0,Debit Card,44715840.0,từ thiện,2023,5,14,14,10,0
33361153.0,Credit Card,13553269.0,thanh toán học phí,2024,2,10,20,45,0
14134858.0,Wire Transfer,11801542.0,mua sắm,2024,4,8,4,16,0
30322468.0,ATM Card,25692212.0,từ thiện,2024,1,1,11,39,0
12826980.0,Wire Transfer,33576089.0,thanh toán học phí,2024,5,7,4,11,0
38078521.0,ATM Card,2667539.0,thanh toán hóa đơn,2024,3,26,19,11,0
38028966.0,Wire Transfer,33833850.0,đóng bảo hiểm,2024,1,20,17,23,0
31462623.0,Wire Transfer,49738699.0,trả nợ,2024,11,27,8,16,0
12703200.0,ATM Card,13226384.0,thanh toán lương,2023,4,5,16,1,1
9802994.0,Debit Card,47574343.0,thanh toán lương,2024,7,9,19,18,1
15490006.0,ATM Card,18003587.0,trả nợ,2024,8,11,12,10,1
2063547.0,Credit Card,45350910.0,trả nợ,2024,2,11,19,47,0
32510400.0,Credit Card,9798025.0,thanh toán hóa đơn,2023,4,15,6,45,0
21427642.0,Wire Transfer,12951471.0,du lịch,2024,5,6,6,0,0
19495285.0,Credit Card,28868742.0,thanh toán hóa đơn,2024,1,21,3,3,0
19113943.0,ATM Card,9080835.0,thanh toán lương,2024,9,11,21,17,0
7903405.0,Credit Card,33930857.0,đóng bảo hiểm,2024,8,23,21,19,0
29672867.0,ATM Card,11927155.0,mua sắm,2024,9,28,20,22,0
22428852.0,Debit Card,47063064.0,trả nợ,2023,11,22,12,42,0
7479722.0,ATM Card,7591334.0,đóng bảo hiểm,2024,1,12,16,3,0
31285643.0,ATM Card,31346801.0,thanh toán lương,2023,7,25,10,45,1
4556398.0,Credit Card,4103361.0,du lịch,2023,9,15,0,39,0
26399615.0,Debit Card,37723478.0,mua cổ phiếu,2023,9,28,18,53,0
15667317.0,ATM Card,34740393.0,trả nợ,2023,2,29,5,22,1
47058445.0,Debit Card,281991.0,từ thiện,2023,7,10,17,28,1
8251680.0,ATM Card,45666117.0,du lịch,2023,11,18,9,0,0
43653828.0,ATM Card,36524039.0,đóng bảo hiểm,2024,3,20,7,38,0
7499973.0,Credit Card,25941479.0,thanh toán học phí,2023,4,8,20,1,0
47913991.0,Credit Card,36996573.0,thanh toán học phí,2024,4,22,3,6,0
990095.0,Debit Card,34845274.0,thanh toán hóa đơn,2023,6,1,22,46,1
41318431.0,Wire Transfer,30090004.0,từ thiện,2024,5,2,16,18,1
8799054.0,Credit Card,46535791.0,trả nợ,2023,8,8,0,39,1
35216024.0,Debit Card,39619841.0,mua cổ phiếu,2023,9,25,3,7,0
4705502.0,Debit Card,32881395.0,thanh toán học phí,2023,2,2,8,12,0
18583639.0,Debit Card,48608211.0,mua sắm,2023,8,7,21,55,0
28406943.0,ATM Card,7330452.0,mua nhà,2024,9,14,3,40,0
35548491.0,Wire Transfer,47930101.0,đóng bảo hiểm,2024,7,3,2,8,0
20661844.0,Wire Transfer,25581717.0,mua nhà,2023,7,29,20,20,0
28809867.0,Wire Transfer,20764631.0,thanh toán học phí,2023,7,28,13,15,0
29600168.0,ATM Card,3772652.0,thanh toán học phí,2023,4,16,15,40,1
37866343.0,ATM Card,15596993.0,thanh toán học phí,2024,8,29,2,32,1
36600622.0,Credit Card,43886075.0,từ thiện,2024,5,1,17,32,0
15803490.0,ATM Card,11127313.0,thanh toán học phí,2024,4,7,9,31,0
8685483.0,ATM Card,43691414.0,từ thiện,2024,7,2,8,48,0
510623.0,Wire Transfer,2606947.0,thanh toán học phí,2023,1,6,18,2,0
37576592.0,Credit Card,9285220.0,mua sắm,2023,12,25,9,1,0
21332555.0,Credit Card,26710017.0,đóng bảo hiểm,2024,9,3,3,29,0
25165622.0,ATM Card,47314824.0,du lịch,2024,12,6,9,14,0
35308720.0,Wire Transfer,18623583.0,trả nợ,2023,7,15,12,49,1
6740554.0,Debit Card,47927378.0,đóng bảo hiểm,2023,12,22,4,10,0
49797581.0,Credit Card,26713271.0,đóng bảo hiểm,2023,7,6,19,53,0
34181066.0,Wire Transfer,16796139.0,mua sắm,2023,4,18,18,20,0
19721101.0,Credit Card,45625842.0,du lịch,2023,3,13,9,25,0
8547233.0,Wire Transfer,8549311.0,đóng bảo hiểm,2024,10,27,2,35,0
42069017.0,ATM Card,40438715.0,mua nhà,2023,12,10,0,5,1
16610917.0,Wire Transfer,19378814.0,mua cổ phiếu,2024,5,9,11,2,0
3517499.0,Credit Card,47861460.0,mua nhà,2023,3,13,15,29,0
12045184.0,Debit Card,41846340.0,du lịch,2024,3,2,4,38,0
42848611.0,Wire Transfer,351290.0,mua nhà,2023,1,23,22,1,0
35483546.0,Wire Transfer,22385832.0,từ thiện,2023,12,28,17,52,0
12062599.0,Debit Card,37055901.0,thanh toán lương,2024,5,4,16,57,0
33463807.0,Credit Card,41260056.0,đóng bảo hiểm,2023,11,26,2,42,1
15848393.0,ATM Card,6993268.0,đóng bảo hiểm,2024,12,13,22,52,0
29114075.0,ATM Card,29881621.0,thanh toán học phí,2024,12,9,12,43,1
21998391.0,ATM Card,49266675.0,mua cổ phiếu,2024,12,3,11,53,0
8557059.0,Credit Card,5025950.0,mua sắm,2023,3,3,13,31,1
41019585.0,Debit Card,48755957.0,đóng bảo hiểm,2024,10,24,4,32,0
26543765.0,Credit Card,23072207.0,mua nhà,2024,1,6,10,18,0
24766401.0,ATM Card,44363948.0,thanh toán hóa đơn,2024,6,20,2,28,0
7333342.0,Debit Card,12215424.0,mua sắm,2023,7,8,5,37,0
10011144.0,Credit Card,47747168.0,mua nhà,2023,8,18,12,17,0
35412519.0,ATM Card,13589040.0,du lịch,2023,2,7,21,20,0
15813899.0,Wire Transfer,25621713.0,mua sắm,2024,11,1,19,4,0
48603363.0,Credit Card,18701139.0,thanh toán lương,2023,10,4,12,55,0
43622115.0,ATM Card,36977568.0,thanh toán hóa đơn,2024,2,6,2,15,0
46119004.0,ATM Card,4790115.0,từ thiện,2023,9,13,19,6,0
11981598.0,Wire Transfer,36186289.0,du lịch,2023,8,21,18,19,0
48682923.0,Debit Card,17403370.0,trả nợ,2024,9,26,18,4,0
29777746.0,ATM Card,18228585.0,thanh toán hóa đơn,2023,9,29,21,0,1
12194251.0,Debit Card,49655658.0,thanh toán lương,2023,5,14,2,43,1
21986358.0,Wire Transfer,6474264.0,đóng bảo hiểm,2023,8,29,17,28,1
4046360.0,Wire Transfer,34303009.0,từ thiện,2024,3,10,9,29,0
32550608.0,Credit Card,49111805.0,thanh toán học phí,2023,2,2,13,15,0
1831779.0,Wire Transfer,16302807.0,từ thiện,2023,10,21,15,16,0
30504189.0,Wire Transfer,34952995.0,mua sắm,2024,10,25,3,28,0
30285657.0,Credit Card,9801152.0,mua sắm,2023,5,11,9,5,0
49640177.0,Wire Transfer,1432682.0,mua nhà,2024,3,24,16,14,0
21264822.0,Credit Card,13567305.0,thanh toán lương,2024,3,21,2,3,0
48371577.0,Debit Card,3630628.0,trả nợ,2023,2,5,16,47,1
18615928.0,Debit Card,46022567.0,đóng bảo hiểm,2023,11,21,15,0,0
39072588.0,ATM Card,15310590.0,đóng bảo hiểm,2023,3,29,15,52,1
8502649.0,Wire Transfer,32109523.0,từ thiện,2024,6,24,9,11,1
2987335.0,Debit Card,10395452.0,thanh toán lương,2024,11,12,10,35,0
39347180.0,Credit Card,20047201.0,mua cổ phiếu,2024,9,14,12,25,0
9804882.0,Debit Card,36688943.0,du lịch,2023,9,3,5,34,0
19531391.0,Credit Card,37941855.0,thanh toán lương,2024,8,23,9,37,0
20546807.0,Wire Transfer,14588858.0,mua nhà,2023,5,3,11,2,1
40750435.0,Wire Transfer,8733375.0,trả nợ,2023,12,20,17,36,0
29537846.0,Debit Card,36656272.0,thanh toán học phí,2023,12,16,20,49,0
5307806.0,ATM Card,15673011.0,từ thiện,2024,1,1,5,34,0
12447185.0,Wire Transfer,7630977.0,du lịch,2024,10,4,7,44,0
49152247.0,Debit Card,39258594.0,thanh toán học phí,2023,1,7,1,54,0
10526917.0,Wire Transfer,903759.0,từ thiện,2024,5,28,18,54,0
42925904.0,Wire Transfer,7668925.0,từ thiện,2023,5,29,8,36,1
19862753.0,Debit Card,49935762.0,mua sắm,2023,11,14,11,32,1
25714293.0,Wire Transfer,11545664.0,mua cổ phiếu,2023,12,6,18,53,1
17834548.0,Credit Card,37828888.0,trả nợ,2023,4,9,6,50,0
42851156.0,ATM Card,20725332.0,mua nhà,2024,12,19,13,4,0
7967054.0,Credit Card,12047766.0,thanh toán học phí,2024,1,6,11,58,0
41219921.0,Wire Transfer,14413753.0,từ thiện,2024,9,28,22,56,0
18507366.0,ATM Card,18036228.0,thanh toán hóa đơn,2023,2,3,20,32,0
31302532.0,ATM Card,31019250.0,đóng bảo hiểm,2023,11,19,13,45,0
12988883.0,Debit Card,850150.0,mua nhà,2024,4,27,1,15,0
19388135.0,ATM Card,20700141.0,mua nhà,2023,1,24,7,40,0
21046655.0,ATM Card,21612979.0,thanh toán học phí,2023,3,28,2,48,0
16380770.0,Wire Transfer,15074475.0,thanh toán lương,2023,7,2,21,10,0
15799890.0,Credit Card,38885117.0,du lịch,2023,7,16,19,47,0
12750348.0,Debit Card,29016201.0,thanh toán hóa đơn,2024,10,28,7,8,0
3488283.0,Credit Card,1982232.0,thanh toán học phí,2023,10,28,3,24,0
19855357.0,Debit Card,18947596.0,mua sắm,2024,3,20,22,18,0
40853644.0,Wire Transfer,22465601.0,thanh toán học phí,2024,1,27,14,18,1
44617397.0,Credit Card,35151921.0,thanh toán lương,2024,8,27,18,52,0
13862710.0,Credit Card,12831999.0,từ thiện,2023,5,28,22,56,0
10860562.0,Wire Transfer,4886778.0,mua nhà,2024,2,14,19,45,0
46037425.0,Credit Card,809571.0,từ thiện,2023,11,1,22,38,1
45886523.0,Wire Transfer,45076943.0,trả nợ,2024,7,22,4,39,0
10514657.0,Wire Transfer,16349635.0,thanh toán học phí,2024,5,16,12,44,0
1668298.0,Credit Card,9952608.0,thanh toán học phí,2023,1,8,21,36,0
41322987.0,ATM Card,44805817.0,mua sắm,2023,2,9,0,56,0
2573183.0,Credit Card,21613269.0,du lịch,2023,8,9,5,31,0
16334906.0,ATM Card,25623626.0,thanh toán học phí,2023,8,14,8,35,0
45448143.0,Debit Card,37731789.0,mua cổ phiếu,2024,2,8,10,11,0
10702609.0,ATM Card,39680255.0,thanh toán lương,2023,11,26,22,14,0
42070475.0,Wire Transfer,39959718.0,thanh toán lương,2024,10,10,22,16,0
41331012.0,Debit Card,49948266.0,mua cổ phiếu,2024,2,25,14,13,0
16865274.0,Debit Card,14661604.0,du lịch,2024,10,17,2,53,0
34379246.0,Credit Card,48520501.0,thanh toán học phí,2023,7,28,22,51,0
19739853.0,Debit Card,13490337.0,mua cổ phiếu,2024,2,28,21,31,1
5499868.0,Wire Transfer,18591610.0,từ thiện,2024,10,21,14,15,0
2291139.0,Credit Card,41650645.0,mua nhà,2023,11,26,14,31,0
5953844.0,ATM Card,39003803.0,du lịch,2024,6,8,22,1,1
46097534.0,Debit Card,20763218.0,thanh toán hóa đơn,2024,10,3,12,47,0
26892464.0,Wire Transfer,9580159.0,từ thiện,2023,4,14,16,29,0
711157.0,Credit Card,37685069.0,trả nợ,2024,2,2,0,52,1
35745000.0,Debit Card,35246736.0,mua sắm,2024,7,11,9,44,0
19663496.0,ATM Card,6421773.0,thanh toán hóa đơn,2024,9,4,21,54,0
294552.0,Debit Card,26472431.0,từ thiện,2023,9,1,2,31,0
42020019.0,ATM Card,36555649.0,mua sắm,2023,4,18,22,35,0
26525569.0,Wire Transfer,5506862.0,thanh toán lương,2024,2,5,9,6,0
14898478.0,Debit Card,40143051.0,mua nhà,2024,3,22,6,24,0
47912411.0,Wire Transfer,41525056.0,du lịch,2024,9,10,10,13,0
11588734.0,ATM Card,49367215.0,từ thiện,2024,8,11,19,11,0
26196984.0,ATM Card,39553802.0,du lịch,2023,9,7,21,45,0
34752717.0,Debit Card,30485805.0,du lịch,2023,2,10,0,30,0
10392070.0,Credit Card,5797512.0,trả nợ,2024,2,9,9,39,1
17590429.0,Credit Card,7137656.0,mua cổ phiếu,2023,8,17,11,43,0
41128786.0,Wire Transfer,11095461.0,mua cổ phiếu,2024,3,19,18,56,0
15013693.0,Debit Card,23279202.0,thanh toán lương,2023,5,9,11,10,0
9357872.0,Debit Card,29303527.0,từ thiện,2024,8,20,17,20,1
16022573.0,Wire Transfer,40740508.0,du lịch,2024,6,11,20,50,0
4560525.0,Debit Card,44676723.0,mua sắm,2024,8,22,17,16,0
40320431.0,ATM Card,8372111.0,thanh toán học phí,2023,3,3,1,5,0
29995387.0,Wire Transfer,169504.0,du lịch,2024,9,9,15,29,0
41930195.0,Wire Transfer,4943950.0,đóng bảo hiểm,2024,10,12,5,28,0
25474919.0,ATM Card,6981088.0,trả nợ,2023,9,19,19,15,0
28507018.0,Credit Card,42060002.0,thanh toán học phí,2023,8,10,3,34,0
6106465.0,Wire Transfer,30558334.0,đóng bảo hiểm,2023,5,28,6,2,0
46933087.0,Wire Transfer,4059797.0,mua cổ phiếu,2023,9,8,5,51,0
13623432.0,Credit Card,23841344.0,thanh toán học phí,2024,5,7,1,0,1
48007541.0,Wire Transfer,31574990.0,từ thiện,2024,6,6,16,12,0
40932261.0,ATM Card,10817485.0,thanh toán lương,2023,7,6,12,11,0
37900770.0,ATM Card,46209038.0,du lịch,2024,8,12,1,3,0
10432550.0,Debit Card,34370820.0,từ thiện,2023,1,1,14,17,0
5137836.0,ATM Card,38833168.0,thanh toán hóa đơn,2023,8,14,3,40,0
34704555.0,Debit Card,849300.0,thanh toán lương,2024,2,19,15,3,0
3935878.0,Wire Transfer,17463687.0,thanh toán học phí,2023,10,10,19,54,0
41234290.0,Wire Transfer,3397795.0,đóng bảo hiểm,2023,2,28,7,31,0
9437237.0,Credit Card,31584213.0,thanh toán hóa đơn,2024,1,7,1,34,0
40564567.0,Debit Card,10460695.0,mua cổ phiếu,2024,2,21,4,27,0
33581495.0,Wire Transfer,5966059.0,thanh toán lương,2024,1,21,2,8,0
45278988.0,ATM Card,42345664.0,thanh toán học phí,2023,6,13,4,48,0
35201319.0,Debit Card,2489995.0,thanh toán hóa đơn,2023,4,8,13,17,0
33518869.0,Credit Card,36886167.0,thanh toán lương,2024,3,29,19,43,0
12512191.0,Debit Card,14775008.0,thanh toán hóa đơn,2024,5,4,17,7,0
12359667.0,Credit Card,2668393.0,mua nhà,2023,5,3,17,34,0
2794745.0,ATM Card,26824764.0,mua cổ phiếu,2023,4,21,8,33,0
39943027.0,Credit Card,41775106.0,mua sắm,2024,2,29,17,48,0
15935858.0,Credit Card,17051711.0,thanh toán hóa đơn,2023,10,11,16,14,0
33410150.0,ATM Card,15872857.0,du lịch,2024,7,14,14,31,0
8588156.0,Wire Transfer,10056983.0,thanh toán học phí,2023,11,7,2,44,0
1950109.0,ATM Card,15189798.0,du lịch,2023,10,4,19,51,0
19133946.0,Credit Card,25358407.0,trả nợ,2024,9,5,3,38,0
4090394.0,ATM Card,33501559.0,đóng bảo hiểm,2024,12,10,0,19,0
16689909.0,ATM Card,43501277.0,từ thiện,2023,9,16,10,1,1
14163160.0,Debit Card,22855356.0,thanh toán lương,2023,4,10,8,58,0
8458918.0,Credit Card,25746750.0,mua cổ phiếu,2024,1,26,8,10,0
46862233.0,Wire Transfer,12675363.0,mua sắm,2024,12,7,14,20,0
19779299.0,ATM Card,32327622.0,đóng bảo hiểm,2023,2,19,18,0,0
48506895.0,Debit Card,10814620.0,từ thiện,2024,3,17,5,16,1
41401882.0,Debit Card,30789911.0,du lịch,2023,7,2,21,16,0
5722708.0,ATM Card,35367797.0,từ thiện,2024,3,15,13,9,0
32357755.0,Credit Card,664105.0,đóng bảo hiểm,2023,12,6,17,28,0
19341367.0,Wire Transfer,49875068.0,mua nhà,2024,10,26,3,47,0
48018706.0,Debit Card,37689980.0,thanh toán học phí,2023,12,7,2,50,0
19002965.0,Credit Card,8856722.0,từ thiện,2023,2,24,3,10,0
44249592.0,Credit Card,37131315.0,mua cổ phiếu,2023,4,18,2,52,0
8575546.0,ATM Card,19270236.0,mua sắm,2023,8,5,9,42,0
26432096.0,Credit Card,3854171.0,thanh toán lương,2023,10,16,11,14,0
31689741.0,ATM Card,18271715.0,mua sắm,2023,4,19,7,58,0
36420243.0,Debit Card,19019782.0,mua cổ phiếu,2023,8,22,21,56,0
48175570.0,ATM Card,49397163.0,thanh toán hóa đơn,2024,8,19,10,52,0
29282079.0,Wire Transfer,6358015.0,mua cổ phiếu,2024,2,27,1,57,0
45430841.0,ATM Card,16109232.0,thanh toán học phí,2024,12,9,13,57,0
6099174.0,Wire Transfer,17658882.0,mua cổ phiếu,2023,6,20,2,28,0
5565136.0,ATM Card,1404707.0,trả nợ,2024,3,3,22,7,1
10886991.0,Debit Card,48600380.0,thanh toán hóa đơn,2023,9,6,5,42,1
37148147.0,Wire Transfer,35291852.0,thanh toán học phí,2023,3,4,9,17,0
284337.0,ATM Card,49857049.0,thanh toán học phí,2023,7,19,11,8,1
22524008.0,ATM Card,141349.0,du lịch,2024,11,20,13,15,0
36544031.0,Credit Card,17185362.0,thanh toán học phí,2023,6,2,17,18,0
17173582.0,ATM Card,15652535.0,từ thiện,2023,9,9,16,7,0
23895149.0,Debit Card,5017343.0,mua cổ phiếu,2024,9,28,14,38,0
482232.0,Credit Card,9640534.0,từ thiện,2024,10,11,5,55,0
39780788.0,Credit Card,1652592.0,trả nợ,2023,1,22,15,15,0
11498251.0,ATM Card,11870599.0,đóng bảo hiểm,2024,11,19,15,19,0
10217552.0,Wire Transfer,45418321.0,từ thiện,2023,3,5,3,46,0
15955397.0,Credit Card,9998124.0,thanh toán học phí,2024,10,2,20,42,0
30151600.0,Wire Transfer,40038522.0,thanh toán lương,2024,4,29,7,16,0
44495973.0,Debit Card,14310809.0,đóng bảo hiểm,2023,6,8,3,56,1
33443707.0,ATM Card,31376327.0,thanh toán học phí,2024,1,29,6,33,0
28051077.0,ATM Card,44207217.0,mua sắm,2023,2,25,5,37,0
9189323.0,Wire Transfer,7812114.0,thanh toán lương,2023,3,5,12,17,0
14950195.0,Credit Card,43413490.0,trả nợ,2023,6,11,3,45,0
26348504.0,Debit Card,47813949.0,mua cổ phiếu,2023,6,16,1,56,1
2124197.0,Wire Transfer,49425255.0,thanh toán lương,2024,3,8,7,3,0
5236894.0,Credit Card,38003954.0,thanh toán hóa đơn,2024,9,1,9,42,1
33005492.0,Debit Card,42904430.0,du lịch,2023,10,16,4,26,0
27254874.0,Credit Card,36020377.0,mua sắm,2024,12,11,0,31,0
15335291.0,ATM Card,20100019.0,thanh toán lương,2023,6,2,18,38,0
15139224.0,Credit Card,30592123.0,mua cổ phiếu,2024,6,17,15,56,0
1626577.0,Wire Transfer,21906668.0,mua sắm,2024,5,15,22,13,0
29956310.0,Wire Transfer,35730928.0,du lịch,2023,1,28,18,24,0
46019133.0,Debit Card,42974802.0,mua cổ phiếu,2024,8,3,16,3,0
26449472.0,ATM Card,28277763.0,mua cổ phiếu,2024,12,10,12,37,1
19255600.0,Wire Transfer,22662636.0,từ thiện,2023,2,27,18,51,0
13102134.0,ATM Card,40407688.0,du lịch,2023,3,25,11,7,0
3204923.0,ATM Card,38772872.0,du lịch,2023,12,6,9,20,0
6569382.0,Credit Card,35010204.0,trả nợ,2023,12,3,13,43,0
6102479.0,Debit Card,32663173.0,thanh toán hóa đơn,2024,6,16,16,44,1
160872.0,Wire Transfer,42405130.0,thanh toán hóa đơn,2024,4,6,11,26,0
22410225.0,Wire Transfer,34635285.0,mua sắm,2024,7,8,3,42,0
42478806.0,Credit Card,18405498.0,đóng bảo hiểm,2024,2,7,7,48,0
46645790.0,Wire Transfer,17496162.0,du lịch,2024,8,9,4,54,0
28436920.0,Credit Card,21925157.0,mua cổ phiếu,2024,4,25,5,52,0
19012197.0,ATM Card,3157505.0,mua nhà,2023,7,12,0,28,0
15462769.0,Wire Transfer,37766790.0,mua sắm,2024,7,5,12,56,0
42776603.0,ATM Card,21716653.0,du lịch,2023,9,1,2,49,0
46907048.0,Wire Transfer,28382951.0,du lịch,2023,3,1,12,27,0
30105129.0,ATM Card,31813355.0,mua nhà,2024,4,1,13,21,0
39886424.0,ATM Card,35005317.0,mua sắm,2023,10,5,18,25,0
48291793.0,Debit Card,15498767.0,thanh toán lương,2023,7,27,19,17,0
49944001.0,Credit Card,39586127.0,từ thiện,2024,7,25,7,54,1
7432729.0,ATM Card,29665254.0,từ thiện,2023,1,1,7,6,1
9989747.0,Debit Card,33036970.0,thanh toán lương,2024,9,25,21,0,0
38726587.0,Wire Transfer,3987766.0,mua sắm,2023,1,1,15,51,0
48696214.0,Wire Transfer,34780863.0,thanh toán học phí,2023,2,10,6,38,0
11679633.0,Debit Card,18661577.0,thanh toán lương,2023,4,26,16,21,1
2727481.0,Wire Transfer,20740511.0,mua cổ phiếu,2024,10,10,11,29,0
16412454.0,Debit Card,23220038.0,thanh toán hóa đơn,2024,8,25,21,52,0
14527008.0,ATM Card,43352250.0,mua nhà,2024,12,27,21,19,0
1646495.0,ATM Card,9505466.0,trả nợ,2024,4,25,0,41,0
9157938.0,Credit Card,45111683.0,mua nhà,2024,9,16,21,15,1
1140582.0,Wire Transfer,44160892.0,mua cổ phiếu,2023,7,8,9,24,1
6446418.0,Wire Transfer,39497546.0,thanh toán hóa đơn,2024,3,8,12,50,0
19413721.0,Debit Card,37102447.0,đóng bảo hiểm,2024,8,28,13,9,0
17303233.0,ATM Card,36026711.0,từ thiện,2024,6,26,6,46,1
16335986.0,ATM Card,45619124.0,mua cổ phiếu,2023,9,7,9,28,0
40727934.0,ATM Card,5615961.0,thanh toán học phí,2024,7,15,4,5,1
14289370.0,Wire Transfer,31382748.0,mua sắm,2023,5,10,13,36,1
38093301.0,Debit Card,21244199.0,thanh toán học phí,2024,2,19,18,23,0
21723322.0,Debit Card,41904995.0,từ thiện,2023,3,4,19,44,0
18806922.0,Debit Card,26291046.0,thanh toán lương,2023,7,11,4,46,0
22907915.0,Wire Transfer,27782255.0,thanh toán lương,2023,12,21,21,46,0
40670950.0,ATM Card,19308992.0,du lịch,2023,6,13,21,23,0
7343383.0,Debit Card,34026475.0,thanh toán hóa đơn,2024,7,19,5,41,1
31285652.0,Credit Card,27942275.0,mua cổ phiếu,2023,9,24,16,11,1
15073318.0,ATM Card,33672886.0,thanh toán lương,2023,8,21,9,3,0
21867616.0,ATM Card,20432468.0,thanh toán lương,2024,1,1,6,43,0
44623457.0,Debit Card,24944958.0,thanh toán hóa đơn,2024,9,15,15,52,0
33895259.0,ATM Card,1037853.0,du lịch,2024,5,17,14,25,0
16704608.0,ATM Card,6942713.0,mua sắm,2024,6,2,7,47,0
36704169.0,Wire Transfer,37056665.0,du lịch,2024,4,16,8,18,0
47958994.0,ATM Card,48264777.0,mua nhà,2023,12,23,2,17,1
40464857.0,Wire Transfer,43860671.0,mua cổ phiếu,2023,10,5,20,9,0
3161953.0,Debit Card,48553721.0,mua nhà,2024,6,14,3,54,0
28964636.0,Debit Card,43284421.0,thanh toán hóa đơn,2024,6,21,17,51,0
44922882.0,Debit Card,10895876.0,thanh toán lương,2023,8,26,3,52,0
48691351.0,ATM Card,25938095.0,thanh toán lương,2024,6,28,9,12,0
45819756.0,Wire Transfer,1977505.0,mua sắm,2023,6,5,13,36,0
47009019.0,Wire Transfer,10020342.0,mua sắm,2023,12,11,5,10,0
13828396.0,Debit Card,31078595.0,trả nợ,2024,1,26,12,14,0
18933694.0,Wire Transfer,24381787.0,mua nhà,2024,7,12,6,18,0
46299542.0,Wire Transfer,23456850.0,mua sắm,2023,9,6,16,12,0
44637226.0,Debit Card,8883924.0,thanh toán hóa đơn,2024,11,27,18,54,0
10173651.0,Wire Transfer,4486390.0,từ thiện,2023,2,4,5,42,0
10481091.0,Credit Card,6580425.0,thanh toán lương,2024,4,3,5,23,0
3286304.0,Debit Card,33126650.0,mua sắm,2023,8,5,21,9,0
11729550.0,Credit Card,22095785.0,mua cổ phiếu,2024,5,25,14,47,0
42572531.0,Debit Card,38337813.0,trả nợ,2024,11,28,16,38,0
45840269.0,Credit Card,22147247.0,thanh toán học phí,2023,7,9,17,30,0
45640826.0,Debit Card,31703247.0,thanh toán lương,2024,2,29,21,18,0
10535275.0,Credit Card,18515176.0,thanh toán hóa đơn,2023,7,10,3,4,1
24890058.0,Credit Card,41498868.0,từ thiện,2023,6,2,20,57,0
8994211.0,Debit Card,45377745.0,mua sắm,2023,10,13,13,13,0
1204388.0,Debit Card,3002490.0,đóng bảo hiểm,2024,3,13,3,58,0
24622731.0,Debit Card,832316.0,mua cổ phiếu,2023,5,1,4,48,0
45522162.0,Credit Card,1362788.0,thanh toán hóa đơn,2023,4,26,18,47,0
11973378.0,Debit Card,47468445.0,mua nhà,2024,10,16,20,50,0
15468670.0,Credit Card,42880094.0,thanh toán lương,2024,10,2,0,35,0
29574694.0,Debit Card,12703481.0,mua cổ phiếu,2024,11,21,2,6,0
48519020.0,ATM Card,7558658.0,mua cổ phiếu,2024,9,17,16,13,0
28527108.0,ATM Card,17137357.0,thanh toán hóa đơn,2023,8,10,15,52,0
37695713.0,Wire Transfer,10186318.0,từ thiện,2023,10,3,14,25,0
44531262.0,ATM Card,25886235.0,trả nợ,2024,12,10,6,34,0
48793315.0,Debit Card,41153049.0,du lịch,2024,1,2,2,33,0
27872914.0,Debit Card,13439985.0,từ thiện,2023,12,20,13,52,0
32241880.0,Wire Transfer,5498645.0,thanh toán hóa đơn,2023,11,18,0,38,0
13846746.0,Wire Transfer,9996713.0,thanh toán học phí,2023,9,16,21,43,1
42631212.0,Wire Transfer,39929382.0,thanh toán hóa đơn,2023,3,11,11,15,0
9634310.0,Debit Card,30731784.0,du lịch,2023,12,10,3,44,1
2217462.0,Debit Card,27398148.0,mua nhà,2023,11,15,18,36,0
27469426.0,Credit Card,35810362.0,từ thiện,2024,8,2,5,4,1
36146152.0,ATM Card,13711259.0,thanh toán lương,2024,5,13,3,14,0
43602609.0,Wire Transfer,18659746.0,đóng bảo hiểm,2023,7,2,1,44,0
21489059.0,Debit Card,28127377.0,mua sắm,2024,8,27,22,25,0
6806631.0,Credit Card,3966692.0,mua sắm,2023,6,4,13,16,0
37239606.0,ATM Card,40738751.0,trả nợ,2024,5,24,8,46,0
43856679.0,Debit Card,13244429.0,từ thiện,2024,3,12,6,3,0
37793483.0,Debit Card,25772725.0,mua nhà,2023,6,2,1,23,0
29949644.0,Credit Card,36580611.0,đóng bảo hiểm,2023,9,22,14,48,0
14069414.0,Wire Transfer,7894149.0,mua sắm,2023,2,16,14,39,0
33231139.0,Credit Card,43358313.0,thanh toán hóa đơn,2024,2,17,16,54,1
47178417.0,ATM Card,17956605.0,từ thiện,2024,1,13,4,20,1
6553245.0,ATM Card,24313790.0,thanh toán học phí,2024,2,6,6,29,0
39547037.0,ATM Card,49097076.0,từ thiện,2023,1,23,6,25,0
47401766.0,ATM Card,26776982.0,từ thiện,2024,3,8,16,58,0
31982766.0,Wire Transfer,46190378.0,trả nợ,2024,4,27,7,39,0
41852109.0,Credit Card,23914834.0,du lịch,2023,7,22,18,43,0
15451842.0,ATM Card,26626396.0,đóng bảo hiểm,2024,3,2,9,36,0
33293323.0,Debit Card,14311112.0,mua cổ phiếu,2023,10,13,18,47,0
1130612.0,Debit Card,34276142.0,mua nhà,2024,2,13,3,32,1
41121151.0,ATM Card,15587372.0,mua sắm,2023,8,15,12,58,0
44832321.0,Debit Card,34641264.0,thanh toán hóa đơn,2023,7,26,17,48,0
39876638.0,Credit Card,4707550.0,mua nhà,2023,7,15,19,12,0
30027310.0,ATM Card,45276008.0,mua sắm,2024,3,8,10,33,0
47000691.0,Wire Transfer,48434339.0,mua sắm,2024,10,15,12,31,0
47943809.0,ATM Card,37679211.0,mua cổ phiếu,2024,9,7,4,53,0
260074.0,Debit Card,48543509.0,thanh toán hóa đơn,2023,6,10,22,13,0
32842123.0,Credit Card,37919920.0,thanh toán lương,2023,2,14,4,37,0
41915066.0,Credit Card,11649939.0,trả nợ,2024,1,22,0,17,0
32297789.0,ATM Card,44683836.0,trả nợ,2024,3,29,11,29,0
35848559.0,ATM Card,5844031.0,mua cổ phiếu,2023,9,4,15,9,0
21268271.0,Wire Transfer,38355859.0,từ thiện,2024,4,10,3,56,0
30941956.0,Credit Card,20393947.0,thanh toán hóa đơn,2024,12,12,2,33,0
9776268.0,Debit Card,19226506.0,thanh toán lương,2023,9,18,4,35,0
43399662.0,Wire Transfer,30962866.0,du lịch,2023,12,14,19,32,0
830533.0,Credit Card,26757497.0,mua cổ phiếu,2023,5,25,0,26,0
6728020.0,Credit Card,8687921.0,thanh toán hóa đơn,2023,1,9,2,25,0
33395802.0,Credit Card,49163768.0,trả nợ,2024,5,29,3,8,1
11516234.0,Wire Transfer,18154274.0,từ thiện,2023,2,23,6,17,0
20889922.0,ATM Card,10415869.0,mua sắm,2024,5,25,9,31,0
41470162.0,Wire Transfer,35771884.0,mua nhà,2023,1,28,20,11,0
9675281.0,Wire Transfer,34644524.0,mua sắm,2023,2,10,17,49,1
42655662.0,ATM Card,45373495.0,mua cổ phiếu,2024,11,10,10,17,0
17386370.0,Credit Card,42882816.0,mua cổ phiếu,2023,9,21,13,49,0
17526700.0,ATM Card,11739560.0,mua sắm,2023,8,24,18,11,0
26764872.0,Credit Card,41419801.0,mua cổ phiếu,2024,7,4,0,46,0
14760215.0,Debit Card,29088628.0,mua cổ phiếu,2024,11,8,2,1,0
9647647.0,ATM Card,48688484.0,trả nợ,2024,1,27,4,8,0
19262887.0,ATM Card,16339933.0,thanh toán hóa đơn,2024,12,8,5,54,0
25701874.0,Credit Card,31890513.0,thanh toán học phí,2024,4,28,9,20,0
9939108.0,Credit Card,26922566.0,đóng bảo hiểm,2023,1,8,3,35,1
24023354.0,Credit Card,5788318.0,mua nhà,2024,4,5,16,2,0
47329068.0,Debit Card,20334427.0,mua cổ phiếu,2023,8,24,2,40,1
15132692.0,Credit Card,49408305.0,mua cổ phiếu,2023,4,16,22,39,0
5277873.0,ATM Card,39303994.0,đóng bảo hiểm,2023,11,9,17,18,1
24411081.0,Debit Card,29015525.0,từ thiện,2024,4,24,17,35,0
43427171.0,ATM Card,36678561.0,mua nhà,2024,2,23,9,0,0
4042648.0,Wire Transfer,45498550.0,thanh toán lương,2023,11,22,6,43,0
28992215.0,Debit Card,25225875.0,thanh toán học phí,2023,9,8,9,58,1
24449239.0,ATM Card,33690350.0,đóng bảo hiểm,2023,9,13,6,32,1
33062480.0,Credit Card,31144843.0,thanh toán hóa đơn,2023,9,23,10,52,0
16073588.0,Credit Card,9523030.0,thanh toán học phí,2023,7,19,22,7,0
46164801.0,Wire Transfer,10829432.0,du lịch,2024,4,22,21,57,0
8107812.0,Wire Transfer,31240084.0,du lịch,2023,6,6,6,58,0
22591543.0,Credit Card,16540082.0,từ thiện,2023,6,17,16,44,0
27120155.0,Credit Card,32329057.0,từ thiện,2023,11,23,0,34,0
2356318.0,Wire Transfer,23686270.0,mua sắm,2024,2,4,8,1,0
32643676.0,ATM Card,24114333.0,mua sắm,2023,10,21,9,37,0
36479248.0,Credit Card,38196371.0,mua cổ phiếu,2023,7,15,8,58,0
19915420.0,Wire Transfer,38449218.0,du lịch,2023,9,7,9,46,0
9562707.0,Debit Card,28838647.0,mua nhà,2024,3,25,4,44,0
3398763.0,Debit Card,19820233.0,thanh toán lương,2023,6,23,11,25,0
23297598.0,ATM Card,34043334.0,đóng bảo hiểm,2024,1,20,15,49,1
29856334.0,Wire Transfer,10250946.0,trả nợ,2023,11,8,21,27,0
7457835.0,Credit Card,42275580.0,đóng bảo hiểm,2024,2,22,5,58,0
42393326.0,Credit Card,40082868.0,thanh toán hóa đơn,2024,10,16,17,19,1
22024949.0,Wire Transfer,4018975.0,mua cổ phiếu,2024,12,1,5,7,0
2515297.0,ATM Card,15788873.0,mua nhà,2023,11,28,16,15,0
16777424.0,ATM Card,29069954.0,mua cổ phiếu,2023,10,7,22,3,0
23794938.0,Debit Card,29100517.0,thanh toán lương,2023,6,9,3,40,0
15363494.0,Debit Card,36277129.0,từ thiện,2023,4,21,11,3,0
8690192.0,ATM Card,20661346.0,từ thiện,2023,7,27,12,38,0
37834547.0,Credit Card,7171993.0,du lịch,2023,8,25,5,57,0
3228511.0,Wire Transfer,28067242.0,du lịch,2024,7,28,8,0,0
26684003.0,Wire Transfer,37005213.0,mua cổ phiếu,2023,6,13,5,18,0
25397606.0,ATM Card,5802951.0,trả nợ,2024,11,13,21,33,0
32302596.0,Debit Card,25896907.0,đóng bảo hiểm,2024,5,20,22,20,1
27748687.0,Wire Transfer,24541866.0,thanh toán học phí,2024,8,14,12,21,0
